wl,mean,Temp,ID,Site,Sample_Type,Analysis_Type,Date,Rep
412.0,38.534660477574185,13.4,AC9_071418_bai_fil_a_1_T13_4,bai,fil,a,071418,1
440.0,27.088172000953183,13.4,AC9_071418_bai_fil_a_1_T13_4,bai,fil,a,071418,1
488.0,16.68021700085072,13.4,AC9_071418_bai_fil_a_1_T13_4,bai,fil,a,071418,1
510.0,14.323257835157726,13.4,AC9_071418_bai_fil_a_1_T13_4,bai,fil,a,071418,1
532.0,12.334278291259235,13.4,AC9_071418_bai_fil_a_1_T13_4,bai,fil,a,071418,1
555.0,10.987125652225153,13.4,AC9_071418_bai_fil_a_1_T13_4,bai,fil,a,071418,1
650.0,7.418023780722788,13.4,AC9_071418_bai_fil_a_1_T13_4,bai,fil,a,071418,1
676.0,6.792468311706947,13.4,AC9_071418_bai_fil_a_1_T13_4,bai,fil,a,071418,1
715.0,6.234234165077995,13.4,AC9_071418_bai_fil_a_1_T13_4,bai,fil,a,071418,1
412.0,37.411076557033,19.2,AC9_071418_bai_fil_a_2_T19_2,bai,fil,a,071418,2
440.0,25.45495384492802,19.2,AC9_071418_bai_fil_a_2_T19_2,bai,fil,a,071418,2
488.0,14.676415586004506,19.2,AC9_071418_bai_fil_a_2_T19_2,bai,fil,a,071418,2
510.0,12.119158078319705,19.2,AC9_071418_bai_fil_a_2_T19_2,bai,fil,a,071418,2
532.0,10.100629549187108,19.2,AC9_071418_bai_fil_a_2_T19_2,bai,fil,a,071418,2
555.0,8.670940580649098,19.2,AC9_071418_bai_fil_a_2_T19_2,bai,fil,a,071418,2
650.0,4.892360368261096,19.2,AC9_071418_bai_fil_a_2_T19_2,bai,fil,a,071418,2
676.0,4.306350937938123,19.2,AC9_071418_bai_fil_a_2_T19_2,bai,fil,a,071418,2
715.0,3.6044287061225937,19.2,AC9_071418_bai_fil_a_2_T19_2,bai,fil,a,071418,2
412.0,36.071603565494435,18.5,AC9_071418_bai_fil_a_3_T18_5,bai,fil,a,071418,3
440.0,24.08974861532457,18.5,AC9_071418_bai_fil_a_3_T18_5,bai,fil,a,071418,3
488.0,13.351450082345677,18.5,AC9_071418_bai_fil_a_3_T18_5,bai,fil,a,071418,3
510.0,10.71553564892942,18.5,AC9_071418_bai_fil_a_3_T18_5,bai,fil,a,071418,3
532.0,8.682007602139523,18.5,AC9_071418_bai_fil_a_3_T18_5,bai,fil,a,071418,3
555.0,7.22224792412493,18.5,AC9_071418_bai_fil_a_3_T18_5,bai,fil,a,071418,3
650.0,3.452756264123949,18.5,AC9_071418_bai_fil_a_3_T18_5,bai,fil,a,071418,3
676.0,2.872472480693884,18.5,AC9_071418_bai_fil_a_3_T18_5,bai,fil,a,071418,3
715.0,2.2331692207644416,18.5,AC9_071418_bai_fil_a_3_T18_5,bai,fil,a,071418,3
412.0,40.901133286082676,13.4,AC9_071418_bai_fil_c_1_T13_4,bai,fil,c,071418,1
440.0,28.886164031950717,13.4,AC9_071418_bai_fil_c_1_T13_4,bai,fil,c,071418,1
488.0,18.43865684298348,13.4,AC9_071418_bai_fil_c_1_T13_4,bai,fil,c,071418,1
510.0,15.727448399463107,13.4,AC9_071418_bai_fil_c_1_T13_4,bai,fil,c,071418,1
532.0,13.955156574586814,13.4,AC9_071418_bai_fil_c_1_T13_4,bai,fil,c,071418,1
555.0,12.53574326660701,13.4,AC9_071418_bai_fil_c_1_T13_4,bai,fil,c,071418,1
650.0,8.920861984735216,13.4,AC9_071418_bai_fil_c_1_T13_4,bai,fil,c,071418,1
676.0,8.173099451152755,13.4,AC9_071418_bai_fil_c_1_T13_4,bai,fil,c,071418,1
715.0,7.698528404463631,13.4,AC9_071418_bai_fil_c_1_T13_4,bai,fil,c,071418,1
412.0,40.24231013407272,19.2,AC9_071418_bai_fil_c_2_T19_2,bai,fil,c,071418,2
440.0,28.249860472608553,19.2,AC9_071418_bai_fil_c_2_T19_2,bai,fil,c,071418,2
488.0,17.74761725486336,19.2,AC9_071418_bai_fil_c_2_T19_2,bai,fil,c,071418,2
510.0,15.310743556012714,19.2,AC9_071418_bai_fil_c_2_T19_2,bai,fil,c,071418,2
532.0,12.965367207996056,19.2,AC9_071418_bai_fil_c_2_T19_2,bai,fil,c,071418,2
555.0,11.398871645185821,19.2,AC9_071418_bai_fil_c_2_T19_2,bai,fil,c,071418,2
650.0,7.515062551853679,19.2,AC9_071418_bai_fil_c_2_T19_2,bai,fil,c,071418,2
676.0,7.035260161710133,19.2,AC9_071418_bai_fil_c_2_T19_2,bai,fil,c,071418,2
715.0,6.8640578407048,19.2,AC9_071418_bai_fil_c_2_T19_2,bai,fil,c,071418,2
412.0,36.75492294071969,18.5,AC9_071418_bai_fil_c_3_T18_5,bai,fil,c,071418,3
440.0,24.494377912331963,18.5,AC9_071418_bai_fil_c_3_T18_5,bai,fil,c,071418,3
488.0,13.574724896635205,18.5,AC9_071418_bai_fil_c_3_T18_5,bai,fil,c,071418,3
510.0,11.1502028013693,18.5,AC9_071418_bai_fil_c_3_T18_5,bai,fil,c,071418,3
532.0,9.0188253912499,18.5,AC9_071418_bai_fil_c_3_T18_5,bai,fil,c,071418,3
555.0,7.501052981214002,18.5,AC9_071418_bai_fil_c_3_T18_5,bai,fil,c,071418,3
650.0,3.740741320781496,18.5,AC9_071418_bai_fil_c_3_T18_5,bai,fil,c,071418,3
676.0,3.0287439890623684,18.5,AC9_071418_bai_fil_c_3_T18_5,bai,fil,c,071418,3
715.0,2.4579481967103614,18.5,AC9_071418_bai_fil_c_3_T18_5,bai,fil,c,071418,3
412.0,44.37935502018573,19.8,AC9_071418_bai_raw_a_1_T19_8,bai,raw,a,071418,1
440.0,32.21479560856554,19.8,AC9_071418_bai_raw_a_1_T19_8,bai,raw,a,071418,1
488.0,20.903918336326672,19.8,AC9_071418_bai_raw_a_1_T19_8,bai,raw,a,071418,1
510.0,17.93050552337094,19.8,AC9_071418_bai_raw_a_1_T19_8,bai,raw,a,071418,1
532.0,15.596883056028865,19.8,AC9_071418_bai_raw_a_1_T19_8,bai,raw,a,071418,1
555.0,14.100558426817095,19.8,AC9_071418_bai_raw_a_1_T19_8,bai,raw,a,071418,1
650.0,9.988099586153961,19.8,AC9_071418_bai_raw_a_1_T19_8,bai,raw,a,071418,1
676.0,9.504139495586767,19.8,AC9_071418_bai_raw_a_1_T19_8,bai,raw,a,071418,1
715.0,8.46913487719702,19.8,AC9_071418_bai_raw_a_1_T19_8,bai,raw,a,071418,1
412.0,43.768110435164445,19.8,AC9_071418_bai_raw_a_2_T19_8,bai,raw,a,071418,2
440.0,31.408374878633012,19.8,AC9_071418_bai_raw_a_2_T19_8,bai,raw,a,071418,2
488.0,20.02949967316085,19.8,AC9_071418_bai_raw_a_2_T19_8,bai,raw,a,071418,2
510.0,17.288728641275434,19.8,AC9_071418_bai_raw_a_2_T19_8,bai,raw,a,071418,2
532.0,15.04471702464602,19.8,AC9_071418_bai_raw_a_2_T19_8,bai,raw,a,071418,2
555.0,13.608890586607066,19.8,AC9_071418_bai_raw_a_2_T19_8,bai,raw,a,071418,2
650.0,9.685323606409025,19.8,AC9_071418_bai_raw_a_2_T19_8,bai,raw,a,071418,2
676.0,8.961351645374215,19.8,AC9_071418_bai_raw_a_2_T19_8,bai,raw,a,071418,2
715.0,7.9060696646438835,19.8,AC9_071418_bai_raw_a_2_T19_8,bai,raw,a,071418,2
412.0,43.53482429368629,17.8,AC9_071418_bai_raw_a_3_T17_8,bai,raw,a,071418,3
440.0,31.034027241805465,17.8,AC9_071418_bai_raw_a_3_T17_8,bai,raw,a,071418,3
488.0,19.831304464115494,17.8,AC9_071418_bai_raw_a_3_T17_8,bai,raw,a,071418,3
510.0,16.988684033108658,17.8,AC9_071418_bai_raw_a_3_T17_8,bai,raw,a,071418,3
532.0,14.696093722954322,17.8,AC9_071418_bai_raw_a_3_T17_8,bai,raw,a,071418,3
555.0,13.068547433837715,17.8,AC9_071418_bai_raw_a_3_T17_8,bai,raw,a,071418,3
650.0,9.17959658571518,17.8,AC9_071418_bai_raw_a_3_T17_8,bai,raw,a,071418,3
676.0,8.567937182696506,17.8,AC9_071418_bai_raw_a_3_T17_8,bai,raw,a,071418,3
715.0,7.5146478359846105,17.8,AC9_071418_bai_raw_a_3_T17_8,bai,raw,a,071418,3
412.0,64.82306487347263,19.8,AC9_071418_bai_raw_c_1_T19_8,bai,raw,c,071418,1
440.0,52.323917224280635,19.8,AC9_071418_bai_raw_c_1_T19_8,bai,raw,c,071418,1
488.0,40.84529740047296,19.8,AC9_071418_bai_raw_c_1_T19_8,bai,raw,c,071418,1
510.0,37.36020364682693,19.8,AC9_071418_bai_raw_c_1_T19_8,bai,raw,c,071418,1
532.0,34.982658453685445,19.8,AC9_071418_bai_raw_c_1_T19_8,bai,raw,c,071418,1
555.0,33.575900172644864,19.8,AC9_071418_bai_raw_c_1_T19_8,bai,raw,c,071418,1
650.0,29.026037338194705,19.8,AC9_071418_bai_raw_c_1_T19_8,bai,raw,c,071418,1
676.0,26.794209468269614,19.8,AC9_071418_bai_raw_c_1_T19_8,bai,raw,c,071418,1
715.0,26.814192305084713,19.8,AC9_071418_bai_raw_c_1_T19_8,bai,raw,c,071418,1
412.0,62.398800485875704,19.8,AC9_071418_bai_raw_c_2_T19_8,bai,raw,c,071418,2
440.0,48.62975246646617,19.8,AC9_071418_bai_raw_c_2_T19_8,bai,raw,c,071418,2
488.0,36.843627982868576,19.8,AC9_071418_bai_raw_c_2_T19_8,bai,raw,c,071418,2
510.0,33.74370257280847,19.8,AC9_071418_bai_raw_c_2_T19_8,bai,raw,c,071418,2
532.0,31.314325689994536,19.8,AC9_071418_bai_raw_c_2_T19_8,bai,raw,c,071418,2
555.0,29.04829344058683,19.8,AC9_071418_bai_raw_c_2_T19_8,bai,raw,c,071418,2
650.0,26.22578109513393,19.8,AC9_071418_bai_raw_c_2_T19_8,bai,raw,c,071418,2
676.0,23.69579412055769,19.8,AC9_071418_bai_raw_c_2_T19_8,bai,raw,c,071418,2
715.0,24.1384108373428,19.8,AC9_071418_bai_raw_c_2_T19_8,bai,raw,c,071418,2
412.0,62.32043828461792,17.8,AC9_071418_bai_raw_c_3_T17_8,bai,raw,c,071418,3
440.0,50.08768041420875,17.8,AC9_071418_bai_raw_c_3_T17_8,bai,raw,c,071418,3
488.0,38.62975632938918,17.8,AC9_071418_bai_raw_c_3_T17_8,bai,raw,c,071418,3
510.0,35.31156968355022,17.8,AC9_071418_bai_raw_c_3_T17_8,bai,raw,c,071418,3
532.0,33.302605799316176,17.8,AC9_071418_bai_raw_c_3_T17_8,bai,raw,c,071418,3
555.0,31.54897155071216,17.8,AC9_071418_bai_raw_c_3_T17_8,bai,raw,c,071418,3
650.0,26.756459849991387,17.8,AC9_071418_bai_raw_c_3_T17_8,bai,raw,c,071418,3
676.0,24.69756832171411,17.8,AC9_071418_bai_raw_c_3_T17_8,bai,raw,c,071418,3
715.0,24.923013898698677,17.8,AC9_071418_bai_raw_c_3_T17_8,bai,raw,c,071418,3
412.0,8.847304928592315,17.5,AC9_071618_cbr_fil_a_1_T17_5,cbr,fil,a,071618,1
440.0,5.478308151397417,17.5,AC9_071618_cbr_fil_a_1_T17_5,cbr,fil,a,071618,1
488.0,2.7810848927840333,17.5,AC9_071618_cbr_fil_a_1_T17_5,cbr,fil,a,071618,1
510.0,2.264559517483394,17.5,AC9_071618_cbr_fil_a_1_T17_5,cbr,fil,a,071618,1
532.0,1.8513284121413955,17.5,AC9_071618_cbr_fil_a_1_T17_5,cbr,fil,a,071618,1
555.0,1.5415642604097637,17.5,AC9_071618_cbr_fil_a_1_T17_5,cbr,fil,a,071618,1
650.0,0.9680614483853444,17.5,AC9_071618_cbr_fil_a_1_T17_5,cbr,fil,a,071618,1
676.0,0.8876091474644767,17.5,AC9_071618_cbr_fil_a_1_T17_5,cbr,fil,a,071618,1
715.0,0.8143942323002651,17.5,AC9_071618_cbr_fil_a_1_T17_5,cbr,fil,a,071618,1
412.0,8.784069063444798,17.5,AC9_071618_cbr_fil_a_2_T17_5,cbr,fil,a,071618,2
440.0,5.360673736065916,17.5,AC9_071618_cbr_fil_a_2_T17_5,cbr,fil,a,071618,2
488.0,2.6183434877333904,17.5,AC9_071618_cbr_fil_a_2_T17_5,cbr,fil,a,071618,2
510.0,2.0557660508550857,17.5,AC9_071618_cbr_fil_a_2_T17_5,cbr,fil,a,071618,2
532.0,1.6211230361882338,17.5,AC9_071618_cbr_fil_a_2_T17_5,cbr,fil,a,071618,2
555.0,1.3134482710194104,17.5,AC9_071618_cbr_fil_a_2_T17_5,cbr,fil,a,071618,2
650.0,0.6808230565556557,17.5,AC9_071618_cbr_fil_a_2_T17_5,cbr,fil,a,071618,2
676.0,0.6266319141914187,17.5,AC9_071618_cbr_fil_a_2_T17_5,cbr,fil,a,071618,2
715.0,0.5549755622677648,17.5,AC9_071618_cbr_fil_a_2_T17_5,cbr,fil,a,071618,2
412.0,15.542255958229413,17.5,AC9_071618_cbr_fil_a_3_T17_5,cbr,fil,a,071618,3
440.0,11.990477664071749,17.5,AC9_071618_cbr_fil_a_3_T17_5,cbr,fil,a,071618,3
488.0,9.294740062227596,17.5,AC9_071618_cbr_fil_a_3_T17_5,cbr,fil,a,071618,3
510.0,8.587280396795407,17.5,AC9_071618_cbr_fil_a_3_T17_5,cbr,fil,a,071618,3
532.0,8.251315473509184,17.5,AC9_071618_cbr_fil_a_3_T17_5,cbr,fil,a,071618,3
555.0,7.820461587181617,17.5,AC9_071618_cbr_fil_a_3_T17_5,cbr,fil,a,071618,3
650.0,7.194454619706239,17.5,AC9_071618_cbr_fil_a_3_T17_5,cbr,fil,a,071618,3
676.0,6.990102143199053,17.5,AC9_071618_cbr_fil_a_3_T17_5,cbr,fil,a,071618,3
715.0,6.857022018743857,17.5,AC9_071618_cbr_fil_a_3_T17_5,cbr,fil,a,071618,3
412.0,9.198647297207833,17.5,AC9_071618_cbr_fil_c_1_T17_5,cbr,fil,c,071618,1
440.0,5.773418473534187,17.5,AC9_071618_cbr_fil_c_1_T17_5,cbr,fil,c,071618,1
488.0,3.104297101848163,17.5,AC9_071618_cbr_fil_c_1_T17_5,cbr,fil,c,071618,1
510.0,2.594260073926502,17.5,AC9_071618_cbr_fil_c_1_T17_5,cbr,fil,c,071618,1
532.0,2.1745356366199773,17.5,AC9_071618_cbr_fil_c_1_T17_5,cbr,fil,c,071618,1
555.0,1.853659541667945,17.5,AC9_071618_cbr_fil_c_1_T17_5,cbr,fil,c,071618,1
650.0,1.2498779588684217,17.5,AC9_071618_cbr_fil_c_1_T17_5,cbr,fil,c,071618,1
676.0,1.1732760882704496,17.5,AC9_071618_cbr_fil_c_1_T17_5,cbr,fil,c,071618,1
715.0,1.1237403719925212,17.5,AC9_071618_cbr_fil_c_1_T17_5,cbr,fil,c,071618,1
412.0,10.122238009185716,17.5,AC9_071618_cbr_fil_c_2_T17_5,cbr,fil,c,071618,2
440.0,6.705232315514985,17.5,AC9_071618_cbr_fil_c_2_T17_5,cbr,fil,c,071618,2
488.0,3.935420130022519,17.5,AC9_071618_cbr_fil_c_2_T17_5,cbr,fil,c,071618,2
510.0,3.3260975120896026,17.5,AC9_071618_cbr_fil_c_2_T17_5,cbr,fil,c,071618,2
532.0,2.9286493624511087,17.5,AC9_071618_cbr_fil_c_2_T17_5,cbr,fil,c,071618,2
555.0,2.5833036575204438,17.5,AC9_071618_cbr_fil_c_2_T17_5,cbr,fil,c,071618,2
650.0,1.912628130437358,17.5,AC9_071618_cbr_fil_c_2_T17_5,cbr,fil,c,071618,2
676.0,1.8761700894275235,17.5,AC9_071618_cbr_fil_c_2_T17_5,cbr,fil,c,071618,2
715.0,1.8233724694204096,17.5,AC9_071618_cbr_fil_c_2_T17_5,cbr,fil,c,071618,2
412.0,10.027482521499106,17.5,AC9_071618_cbr_fil_c_3_T17_5,cbr,fil,c,071618,3
440.0,6.604145069478593,17.5,AC9_071618_cbr_fil_c_3_T17_5,cbr,fil,c,071618,3
488.0,3.7889888028636745,17.5,AC9_071618_cbr_fil_c_3_T17_5,cbr,fil,c,071618,3
510.0,3.1906226946996177,17.5,AC9_071618_cbr_fil_c_3_T17_5,cbr,fil,c,071618,3
532.0,2.7823937204468017,17.5,AC9_071618_cbr_fil_c_3_T17_5,cbr,fil,c,071618,3
555.0,2.4658467704317077,17.5,AC9_071618_cbr_fil_c_3_T17_5,cbr,fil,c,071618,3
650.0,1.752745385949023,17.5,AC9_071618_cbr_fil_c_3_T17_5,cbr,fil,c,071618,3
676.0,1.7130601989045582,17.5,AC9_071618_cbr_fil_c_3_T17_5,cbr,fil,c,071618,3
715.0,1.681056786000776,17.5,AC9_071618_cbr_fil_c_3_T17_5,cbr,fil,c,071618,3
412.0,8.872077857310313,17.5,AC9_071618_cbr_raw_a_1_T17_5,cbr,raw,a,071618,1
440.0,5.382910149506757,17.5,AC9_071618_cbr_raw_a_1_T17_5,cbr,raw,a,071618,1
488.0,2.533061606882002,17.5,AC9_071618_cbr_raw_a_1_T17_5,cbr,raw,a,071618,1
510.0,1.9222116507060558,17.5,AC9_071618_cbr_raw_a_1_T17_5,cbr,raw,a,071618,1
532.0,1.4566772416094065,17.5,AC9_071618_cbr_raw_a_1_T17_5,cbr,raw,a,071618,1
555.0,1.1322469489080071,17.5,AC9_071618_cbr_raw_a_1_T17_5,cbr,raw,a,071618,1
650.0,0.4650424368338476,17.5,AC9_071618_cbr_raw_a_1_T17_5,cbr,raw,a,071618,1
676.0,0.40762954624970704,17.5,AC9_071618_cbr_raw_a_1_T17_5,cbr,raw,a,071618,1
715.0,0.3050548206459991,17.5,AC9_071618_cbr_raw_a_1_T17_5,cbr,raw,a,071618,1
412.0,8.844279174917482,17.5,AC9_071618_cbr_raw_a_2_T17_5,cbr,raw,a,071618,2
440.0,5.355127252475247,17.5,AC9_071618_cbr_raw_a_2_T17_5,cbr,raw,a,071618,2
488.0,2.502030981848188,17.5,AC9_071618_cbr_raw_a_2_T17_5,cbr,raw,a,071618,2
510.0,1.89083438118812,17.5,AC9_071618_cbr_raw_a_2_T17_5,cbr,raw,a,071618,2
532.0,1.4249809240924072,17.5,AC9_071618_cbr_raw_a_2_T17_5,cbr,raw,a,071618,2
555.0,1.1009259075907585,17.5,AC9_071618_cbr_raw_a_2_T17_5,cbr,raw,a,071618,2
650.0,0.4349862046204619,17.5,AC9_071618_cbr_raw_a_2_T17_5,cbr,raw,a,071618,2
676.0,0.3747843151815185,17.5,AC9_071618_cbr_raw_a_2_T17_5,cbr,raw,a,071618,2
715.0,0.27257454620462024,17.5,AC9_071618_cbr_raw_a_2_T17_5,cbr,raw,a,071618,2
412.0,8.844067008098827,17.5,AC9_071618_cbr_raw_a_3_T17_5,cbr,raw,a,071618,3
440.0,5.360272627996352,17.5,AC9_071618_cbr_raw_a_3_T17_5,cbr,raw,a,071618,3
488.0,2.515570224943545,17.5,AC9_071618_cbr_raw_a_3_T17_5,cbr,raw,a,071618,3
510.0,1.9049439037258995,17.5,AC9_071618_cbr_raw_a_3_T17_5,cbr,raw,a,071618,3
532.0,1.437812159762029,17.5,AC9_071618_cbr_raw_a_3_T17_5,cbr,raw,a,071618,3
555.0,1.1139239811316664,17.5,AC9_071618_cbr_raw_a_3_T17_5,cbr,raw,a,071618,3
650.0,0.450973711459962,17.5,AC9_071618_cbr_raw_a_3_T17_5,cbr,raw,a,071618,3
676.0,0.3915334931387873,17.5,AC9_071618_cbr_raw_a_3_T17_5,cbr,raw,a,071618,3
715.0,0.28975292263765834,17.5,AC9_071618_cbr_raw_a_3_T17_5,cbr,raw,a,071618,3
412.0,10.029430850174444,17.5,AC9_071618_cbr_raw_c_1_T17_5,cbr,raw,c,071618,1
440.0,6.407555598406963,17.5,AC9_071618_cbr_raw_c_1_T17_5,cbr,raw,c,071618,1
488.0,3.4213701304683366,17.5,AC9_071618_cbr_raw_c_1_T17_5,cbr,raw,c,071618,1
510.0,2.766299342595167,17.5,AC9_071618_cbr_raw_c_1_T17_5,cbr,raw,c,071618,1
532.0,2.2572275458615034,17.5,AC9_071618_cbr_raw_c_1_T17_5,cbr,raw,c,071618,1
555.0,1.8870570052792432,17.5,AC9_071618_cbr_raw_c_1_T17_5,cbr,raw,c,071618,1
650.0,1.0675021518940453,17.5,AC9_071618_cbr_raw_c_1_T17_5,cbr,raw,c,071618,1
676.0,0.960230336698466,17.5,AC9_071618_cbr_raw_c_1_T17_5,cbr,raw,c,071618,1
715.0,0.8407571739372054,17.5,AC9_071618_cbr_raw_c_1_T17_5,cbr,raw,c,071618,1
412.0,9.941520048581973,17.5,AC9_071618_cbr_raw_c_2_T17_5,cbr,raw,c,071618,2
440.0,6.321068159003189,17.5,AC9_071618_cbr_raw_c_2_T17_5,cbr,raw,c,071618,2
488.0,3.3345586266991085,17.5,AC9_071618_cbr_raw_c_2_T17_5,cbr,raw,c,071618,2
510.0,2.6767954739050186,17.5,AC9_071618_cbr_raw_c_2_T17_5,cbr,raw,c,071618,2
532.0,2.167658419953013,17.5,AC9_071618_cbr_raw_c_2_T17_5,cbr,raw,c,071618,2
555.0,1.8011876610169493,17.5,AC9_071618_cbr_raw_c_2_T17_5,cbr,raw,c,071618,2
650.0,0.9851515007551604,17.5,AC9_071618_cbr_raw_c_2_T17_5,cbr,raw,c,071618,2
676.0,0.875528709347206,17.5,AC9_071618_cbr_raw_c_2_T17_5,cbr,raw,c,071618,2
715.0,0.7610052704312795,17.5,AC9_071618_cbr_raw_c_2_T17_5,cbr,raw,c,071618,2
412.0,9.95676310648974,17.5,AC9_071618_cbr_raw_c_3_T17_5,cbr,raw,c,071618,3
440.0,6.344182558429978,17.5,AC9_071618_cbr_raw_c_3_T17_5,cbr,raw,c,071618,3
488.0,3.3615940224130263,17.5,AC9_071618_cbr_raw_c_3_T17_5,cbr,raw,c,071618,3
510.0,2.7065872583630712,17.5,AC9_071618_cbr_raw_c_3_T17_5,cbr,raw,c,071618,3
532.0,2.1967836919045505,17.5,AC9_071618_cbr_raw_c_3_T17_5,cbr,raw,c,071618,3
555.0,1.834275292595896,17.5,AC9_071618_cbr_raw_c_3_T17_5,cbr,raw,c,071618,3
650.0,1.0140868082069583,17.5,AC9_071618_cbr_raw_c_3_T17_5,cbr,raw,c,071618,3
676.0,0.9086436494201616,17.5,AC9_071618_cbr_raw_c_3_T17_5,cbr,raw,c,071618,3
715.0,0.7894726932426401,17.5,AC9_071618_cbr_raw_c_3_T17_5,cbr,raw,c,071618,3
412.0,61.553021449888035,15.4,AC9_071718_9mi_fil_a_1_T15_4,9mi,fil,a,071718,1
440.0,66.60463455678767,15.4,AC9_071718_9mi_fil_a_1_T15_4,9mi,fil,a,071718,1
488.0,68.22102506976836,15.4,AC9_071718_9mi_fil_a_1_T15_4,9mi,fil,a,071718,1
510.0,68.89408544087989,15.4,AC9_071718_9mi_fil_a_1_T15_4,9mi,fil,a,071718,1
532.0,67.21605471355315,15.4,AC9_071718_9mi_fil_a_1_T15_4,9mi,fil,a,071718,1
555.0,67.8785717305916,15.4,AC9_071718_9mi_fil_a_1_T15_4,9mi,fil,a,071718,1
650.0,65.60226909689814,15.4,AC9_071718_9mi_fil_a_1_T15_4,9mi,fil,a,071718,1
676.0,65.80256415583288,15.4,AC9_071718_9mi_fil_a_1_T15_4,9mi,fil,a,071718,1
715.0,67.21596896057153,15.4,AC9_071718_9mi_fil_a_1_T15_4,9mi,fil,a,071718,1
412.0,7.4746908870462025,15.4,AC9_071718_9mi_fil_a_2_T15_4,9mi,fil,a,071718,2
440.0,4.5513945858910905,15.4,AC9_071718_9mi_fil_a_2_T15_4,9mi,fil,a,071718,2
488.0,2.6656875328382847,15.4,AC9_071718_9mi_fil_a_2_T15_4,9mi,fil,a,071718,2
510.0,2.487444407673268,15.4,AC9_071718_9mi_fil_a_2_T15_4,9mi,fil,a,071718,2
532.0,2.7831177676567656,15.4,AC9_071718_9mi_fil_a_2_T15_4,9mi,fil,a,071718,2
555.0,2.4204057390264033,15.4,AC9_071718_9mi_fil_a_2_T15_4,9mi,fil,a,071718,2
650.0,1.9142987838283831,15.4,AC9_071718_9mi_fil_a_2_T15_4,9mi,fil,a,071718,2
676.0,1.8946955891914192,15.4,AC9_071718_9mi_fil_a_2_T15_4,9mi,fil,a,071718,2
715.0,1.6296480818481849,15.4,AC9_071718_9mi_fil_a_2_T15_4,9mi,fil,a,071718,2
412.0,3.6177844620462034,15.1,AC9_071718_9mi_fil_a_3_T15_1,9mi,fil,a,071718,3
440.0,2.0768468712871266,15.1,AC9_071718_9mi_fil_a_3_T15_1,9mi,fil,a,071718,3
488.0,0.9023332145214508,15.1,AC9_071718_9mi_fil_a_3_T15_1,9mi,fil,a,071718,3
510.0,0.6663779405940596,15.1,AC9_071718_9mi_fil_a_3_T15_1,9mi,fil,a,071718,3
532.0,0.4805357557755768,15.1,AC9_071718_9mi_fil_a_3_T15_1,9mi,fil,a,071718,3
555.0,0.3606116501650165,15.1,AC9_071718_9mi_fil_a_3_T15_1,9mi,fil,a,071718,3
650.0,0.1171008778877887,15.1,AC9_071718_9mi_fil_a_3_T15_1,9mi,fil,a,071718,3
676.0,0.09451947854785482,15.1,AC9_071718_9mi_fil_a_3_T15_1,9mi,fil,a,071718,3
715.0,0.07869165016501653,15.1,AC9_071718_9mi_fil_a_3_T15_1,9mi,fil,a,071718,3
412.0,8.427307441296174,15.4,AC9_071718_9mi_fil_c_1_T15_4,9mi,fil,c,071718,1
440.0,7.414527545232093,15.4,AC9_071718_9mi_fil_c_1_T15_4,9mi,fil,c,071718,1
488.0,6.669648065066206,15.4,AC9_071718_9mi_fil_c_1_T15_4,9mi,fil,c,071718,1
510.0,6.427984180155576,15.4,AC9_071718_9mi_fil_c_1_T15_4,9mi,fil,c,071718,1
532.0,6.35424281814436,15.4,AC9_071718_9mi_fil_c_1_T15_4,9mi,fil,c,071718,1
555.0,6.126962121503273,15.4,AC9_071718_9mi_fil_c_1_T15_4,9mi,fil,c,071718,1
650.0,5.728351227499875,15.4,AC9_071718_9mi_fil_c_1_T15_4,9mi,fil,c,071718,1
676.0,5.4790125583947145,15.4,AC9_071718_9mi_fil_c_1_T15_4,9mi,fil,c,071718,1
715.0,5.2735102017412805,15.4,AC9_071718_9mi_fil_c_1_T15_4,9mi,fil,c,071718,1
412.0,3.828263852542375,15.4,AC9_071718_9mi_fil_c_2_T15_4,9mi,fil,c,071718,2
440.0,2.268558534745764,15.4,AC9_071718_9mi_fil_c_2_T15_4,9mi,fil,c,071718,2
488.0,1.070914448728815,15.4,AC9_071718_9mi_fil_c_2_T15_4,9mi,fil,c,071718,2
510.0,0.821429849152542,15.4,AC9_071718_9mi_fil_c_2_T15_4,9mi,fil,c,071718,2
532.0,0.6321015682203395,15.4,AC9_071718_9mi_fil_c_2_T15_4,9mi,fil,c,071718,2
555.0,0.5136036110169498,15.4,AC9_071718_9mi_fil_c_2_T15_4,9mi,fil,c,071718,2
650.0,0.25046366610169485,15.4,AC9_071718_9mi_fil_c_2_T15_4,9mi,fil,c,071718,2
676.0,0.21215319152542406,15.4,AC9_071718_9mi_fil_c_2_T15_4,9mi,fil,c,071718,2
715.0,0.19664943008474586,15.4,AC9_071718_9mi_fil_c_2_T15_4,9mi,fil,c,071718,2
412.0,3.809042855512672,15.1,AC9_071718_9mi_fil_c_3_T15_1,9mi,fil,c,071718,3
440.0,2.2659410847457617,15.1,AC9_071718_9mi_fil_c_3_T15_1,9mi,fil,c,071718,3
488.0,1.0793891266991107,15.1,AC9_071718_9mi_fil_c_3_T15_1,9mi,fil,c,071718,3
510.0,0.8331075828159092,15.1,AC9_071718_9mi_fil_c_3_T15_1,9mi,fil,c,071718,3
532.0,0.6446479100520218,15.1,AC9_071718_9mi_fil_c_3_T15_1,9mi,fil,c,071718,3
555.0,0.5285714629971473,15.1,AC9_071718_9mi_fil_c_3_T15_1,9mi,fil,c,071718,3
650.0,0.2654816294680316,15.1,AC9_071718_9mi_fil_c_3_T15_1,9mi,fil,c,071718,3
676.0,0.2279431548917604,15.1,AC9_071718_9mi_fil_c_3_T15_1,9mi,fil,c,071718,3
715.0,0.21235380013425087,15.1,AC9_071718_9mi_fil_c_3_T15_1,9mi,fil,c,071718,3
412.0,5.444558814987377,17.4,AC9_071718_9mi_raw_a_1_T17_4,9mi,raw,a,071718,1
440.0,3.5795770089303027,17.4,AC9_071718_9mi_raw_a_1_T17_4,9mi,raw,a,071718,1
488.0,1.9795974416618127,17.4,AC9_071718_9mi_raw_a_1_T17_4,9mi,raw,a,071718,1
510.0,1.5946508699281696,17.4,AC9_071718_9mi_raw_a_1_T17_4,9mi,raw,a,071718,1
532.0,1.2738945088332352,17.4,AC9_071718_9mi_raw_a_1_T17_4,9mi,raw,a,071718,1
555.0,1.0647750875558146,17.4,AC9_071718_9mi_raw_a_1_T17_4,9mi,raw,a,071718,1
650.0,0.6722554602989712,17.4,AC9_071718_9mi_raw_a_1_T17_4,9mi,raw,a,071718,1
676.0,0.6810689926227921,17.4,AC9_071718_9mi_raw_a_1_T17_4,9mi,raw,a,071718,1
715.0,0.5228262269462242,17.4,AC9_071718_9mi_raw_a_1_T17_4,9mi,raw,a,071718,1
412.0,5.4492463606637145,17.4,AC9_071718_9mi_raw_a_2_T17_4,9mi,raw,a,071718,2
440.0,3.5862107388480777,17.4,AC9_071718_9mi_raw_a_2_T17_4,9mi,raw,a,071718,2
488.0,1.9828646501193905,17.4,AC9_071718_9mi_raw_a_2_T17_4,9mi,raw,a,071718,2
510.0,1.5996016635488428,17.4,AC9_071718_9mi_raw_a_2_T17_4,9mi,raw,a,071718,2
532.0,1.2773570284862583,17.4,AC9_071718_9mi_raw_a_2_T17_4,9mi,raw,a,071718,2
555.0,1.0680978523520557,17.4,AC9_071718_9mi_raw_a_2_T17_4,9mi,raw,a,071718,2
650.0,0.6754995434289974,17.4,AC9_071718_9mi_raw_a_2_T17_4,9mi,raw,a,071718,2
676.0,0.6832335424556277,17.4,AC9_071718_9mi_raw_a_2_T17_4,9mi,raw,a,071718,2
715.0,0.5269923912183845,17.4,AC9_071718_9mi_raw_a_2_T17_4,9mi,raw,a,071718,2
412.0,5.479622016748704,17.4,AC9_071718_9mi_raw_a_3_T17_4,9mi,raw,a,071718,3
440.0,3.61152560954752,17.4,AC9_071718_9mi_raw_a_3_T17_4,9mi,raw,a,071718,3
488.0,2.0016381908997065,17.4,AC9_071718_9mi_raw_a_3_T17_4,9mi,raw,a,071718,3
510.0,1.6121840071454372,17.4,AC9_071718_9mi_raw_a_3_T17_4,9mi,raw,a,071718,3
532.0,1.2888403872345024,17.4,AC9_071718_9mi_raw_a_3_T17_4,9mi,raw,a,071718,3
555.0,1.0799809741991473,17.4,AC9_071718_9mi_raw_a_3_T17_4,9mi,raw,a,071718,3
650.0,0.6836137348840448,17.4,AC9_071718_9mi_raw_a_3_T17_4,9mi,raw,a,071718,3
676.0,0.6941093230205931,17.4,AC9_071718_9mi_raw_a_3_T17_4,9mi,raw,a,071718,3
715.0,0.5348186449959776,17.4,AC9_071718_9mi_raw_a_3_T17_4,9mi,raw,a,071718,3
412.0,8.765124544699237,17.4,AC9_071718_9mi_raw_c_1_T17_4,9mi,raw,c,071718,1
440.0,6.741029869059481,17.4,AC9_071718_9mi_raw_c_1_T17_4,9mi,raw,c,071718,1
488.0,4.9353685217680265,17.4,AC9_071718_9mi_raw_c_1_T17_4,9mi,raw,c,071718,1
510.0,4.461359870721169,17.4,AC9_071718_9mi_raw_c_1_T17_4,9mi,raw,c,071718,1
532.0,4.040880632436024,17.4,AC9_071718_9mi_raw_c_1_T17_4,9mi,raw,c,071718,1
555.0,3.732352072781655,17.4,AC9_071718_9mi_raw_c_1_T17_4,9mi,raw,c,071718,1
650.0,2.912097828846792,17.4,AC9_071718_9mi_raw_c_1_T17_4,9mi,raw,c,071718,1
676.0,2.758510491525421,17.4,AC9_071718_9mi_raw_c_1_T17_4,9mi,raw,c,071718,1
715.0,2.5778432462612195,17.4,AC9_071718_9mi_raw_c_1_T17_4,9mi,raw,c,071718,1
412.0,8.796764003540831,17.4,AC9_071718_9mi_raw_c_2_T17_4,9mi,raw,c,071718,2
440.0,6.770480964930093,17.4,AC9_071718_9mi_raw_c_2_T17_4,9mi,raw,c,071718,2
488.0,4.959519641854773,17.4,AC9_071718_9mi_raw_c_2_T17_4,9mi,raw,c,071718,2
510.0,4.483901428415212,17.4,AC9_071718_9mi_raw_c_2_T17_4,9mi,raw,c,071718,2
532.0,4.066280213804057,17.4,AC9_071718_9mi_raw_c_2_T17_4,9mi,raw,c,071718,2
555.0,3.758805771616025,17.4,AC9_071718_9mi_raw_c_2_T17_4,9mi,raw,c,071718,2
650.0,2.9347480152568397,17.4,AC9_071718_9mi_raw_c_2_T17_4,9mi,raw,c,071718,2
676.0,2.7818981643364804,17.4,AC9_071718_9mi_raw_c_2_T17_4,9mi,raw,c,071718,2
715.0,2.6007586215209986,17.4,AC9_071718_9mi_raw_c_2_T17_4,9mi,raw,c,071718,2
412.0,8.877488707244874,17.4,AC9_071718_9mi_raw_c_3_T17_4,9mi,raw,c,071718,3
440.0,6.842337288200652,17.4,AC9_071718_9mi_raw_c_3_T17_4,9mi,raw,c,071718,3
488.0,5.024599312404437,17.4,AC9_071718_9mi_raw_c_3_T17_4,9mi,raw,c,071718,3
510.0,4.546272123816654,17.4,AC9_071718_9mi_raw_c_3_T17_4,9mi,raw,c,071718,3
532.0,4.12484862201113,17.4,AC9_071718_9mi_raw_c_3_T17_4,9mi,raw,c,071718,3
555.0,3.810987814567812,17.4,AC9_071718_9mi_raw_c_3_T17_4,9mi,raw,c,071718,3
650.0,2.9833288336640758,17.4,AC9_071718_9mi_raw_c_3_T17_4,9mi,raw,c,071718,3
676.0,2.8246609425810894,17.4,AC9_071718_9mi_raw_c_3_T17_4,9mi,raw,c,071718,3
715.0,2.6442843626663217,17.4,AC9_071718_9mi_raw_c_3_T17_4,9mi,raw,c,071718,3
412.0,1.495324685992991,17.7,AC9_071718_sco_fil_a_2_T17_7,sco,fil,a,071718,2
440.0,0.8780272146604902,17.7,AC9_071718_sco_fil_a_2_T17_7,sco,fil,a,071718,2
488.0,0.392207540266221,17.7,AC9_071718_sco_fil_a_2_T17_7,sco,fil,a,071718,2
510.0,0.2929102138262605,17.7,AC9_071718_sco_fil_a_2_T17_7,sco,fil,a,071718,2
532.0,0.21665667852151044,17.7,AC9_071718_sco_fil_a_2_T17_7,sco,fil,a,071718,2
555.0,0.16769257001309884,17.7,AC9_071718_sco_fil_a_2_T17_7,sco,fil,a,071718,2
650.0,0.06998922617871542,17.7,AC9_071718_sco_fil_a_2_T17_7,sco,fil,a,071718,2
676.0,0.05855696962379168,17.7,AC9_071718_sco_fil_a_2_T17_7,sco,fil,a,071718,2
715.0,0.049822816659714865,17.7,AC9_071718_sco_fil_a_2_T17_7,sco,fil,a,071718,2
412.0,1.475707487541956,17.7,AC9_071718_sco_fil_a_3_T17_7,sco,fil,a,071718,3
440.0,0.8593759930440636,17.7,AC9_071718_sco_fil_a_3_T17_7,sco,fil,a,071718,3
488.0,0.3745320089006066,17.7,AC9_071718_sco_fil_a_3_T17_7,sco,fil,a,071718,3
510.0,0.2744325117100945,17.7,AC9_071718_sco_fil_a_3_T17_7,sco,fil,a,071718,3
532.0,0.19878118522050486,17.7,AC9_071718_sco_fil_a_3_T17_7,sco,fil,a,071718,3
555.0,0.14879507989042545,17.7,AC9_071718_sco_fil_a_3_T17_7,sco,fil,a,071718,3
650.0,0.054307009040847336,17.7,AC9_071718_sco_fil_a_3_T17_7,sco,fil,a,071718,3
676.0,0.04041282070699995,17.7,AC9_071718_sco_fil_a_3_T17_7,sco,fil,a,071718,3
715.0,0.034271994596060146,17.7,AC9_071718_sco_fil_a_3_T17_7,sco,fil,a,071718,3
412.0,2.0705737268217543,17.7,AC9_071718_sco_fil_c_2_T17_7,sco,fil,c,071718,2
440.0,1.438504647938664,17.7,AC9_071718_sco_fil_c_2_T17_7,sco,fil,c,071718,2
488.0,0.93607552572438,17.7,AC9_071718_sco_fil_c_2_T17_7,sco,fil,c,071718,2
510.0,0.8333114303055359,17.7,AC9_071718_sco_fil_c_2_T17_7,sco,fil,c,071718,2
532.0,0.7633666752602501,17.7,AC9_071718_sco_fil_c_2_T17_7,sco,fil,c,071718,2
555.0,0.6769417851854631,17.7,AC9_071718_sco_fil_c_2_T17_7,sco,fil,c,071718,2
650.0,0.5448607088954862,17.7,AC9_071718_sco_fil_c_2_T17_7,sco,fil,c,071718,2
676.0,0.5399038950730959,17.7,AC9_071718_sco_fil_c_2_T17_7,sco,fil,c,071718,2
715.0,0.5199345489871853,17.7,AC9_071718_sco_fil_c_2_T17_7,sco,fil,c,071718,2
412.0,1.7743050845537047,17.7,AC9_071718_sco_fil_c_3_T17_7,sco,fil,c,071718,3
440.0,1.1418362575502958,17.7,AC9_071718_sco_fil_c_3_T17_7,sco,fil,c,071718,3
488.0,0.6362697806693233,17.7,AC9_071718_sco_fil_c_3_T17_7,sco,fil,c,071718,3
510.0,0.5310241956114655,17.7,AC9_071718_sco_fil_c_3_T17_7,sco,fil,c,071718,3
532.0,0.4470369926537666,17.7,AC9_071718_sco_fil_c_3_T17_7,sco,fil,c,071718,3
555.0,0.3977927035098669,17.7,AC9_071718_sco_fil_c_3_T17_7,sco,fil,c,071718,3
650.0,0.2676778414558025,17.7,AC9_071718_sco_fil_c_3_T17_7,sco,fil,c,071718,3
676.0,0.2481685793441208,17.7,AC9_071718_sco_fil_c_3_T17_7,sco,fil,c,071718,3
715.0,0.23055941839919386,17.7,AC9_071718_sco_fil_c_3_T17_7,sco,fil,c,071718,3
412.0,3.605564379571976,18.3,AC9_071718_sco_raw_a_1_T18_3,sco,raw,a,071718,1
440.0,2.6810533782450383,18.3,AC9_071718_sco_raw_a_1_T18_3,sco,raw,a,071718,1
488.0,1.6383849120479037,18.3,AC9_071718_sco_raw_a_1_T18_3,sco,raw,a,071718,1
510.0,1.3625442756285948,18.3,AC9_071718_sco_raw_a_1_T18_3,sco,raw,a,071718,1
532.0,1.1132694542547041,18.3,AC9_071718_sco_raw_a_1_T18_3,sco,raw,a,071718,1
555.0,0.9441829272566428,18.3,AC9_071718_sco_raw_a_1_T18_3,sco,raw,a,071718,1
650.0,0.6444654315947067,18.3,AC9_071718_sco_raw_a_1_T18_3,sco,raw,a,071718,1
676.0,0.6474666908237211,18.3,AC9_071718_sco_raw_a_1_T18_3,sco,raw,a,071718,1
715.0,0.4778379492021365,18.3,AC9_071718_sco_raw_a_1_T18_3,sco,raw,a,071718,1
412.0,3.64560459997724,18.3,AC9_071718_sco_raw_a_2_T18_3,sco,raw,a,071718,2
440.0,2.7151001292818933,18.3,AC9_071718_sco_raw_a_2_T18_3,sco,raw,a,071718,2
488.0,1.6594424518038002,18.3,AC9_071718_sco_raw_a_2_T18_3,sco,raw,a,071718,2
510.0,1.3812817901445311,18.3,AC9_071718_sco_raw_a_2_T18_3,sco,raw,a,071718,2
532.0,1.1273001538636622,18.3,AC9_071718_sco_raw_a_2_T18_3,sco,raw,a,071718,2
555.0,0.956717505405714,18.3,AC9_071718_sco_raw_a_2_T18_3,sco,raw,a,071718,2
650.0,0.6536717091157387,18.3,AC9_071718_sco_raw_a_2_T18_3,sco,raw,a,071718,2
676.0,0.6567828797086598,18.3,AC9_071718_sco_raw_a_2_T18_3,sco,raw,a,071718,2
715.0,0.4825730335723227,18.3,AC9_071718_sco_raw_a_2_T18_3,sco,raw,a,071718,2
412.0,3.7529780555421413,18.3,AC9_071718_sco_raw_a_3_T18_3,sco,raw,a,071718,3
440.0,2.8051364881268643,18.3,AC9_071718_sco_raw_a_3_T18_3,sco,raw,a,071718,3
488.0,1.7285745779602366,18.3,AC9_071718_sco_raw_a_3_T18_3,sco,raw,a,071718,3
510.0,1.4443505212911545,18.3,AC9_071718_sco_raw_a_3_T18_3,sco,raw,a,071718,3
532.0,1.185259315624246,18.3,AC9_071718_sco_raw_a_3_T18_3,sco,raw,a,071718,3
555.0,1.0118028656524192,18.3,AC9_071718_sco_raw_a_3_T18_3,sco,raw,a,071718,3
650.0,0.6986993244787891,18.3,AC9_071718_sco_raw_a_3_T18_3,sco,raw,a,071718,3
676.0,0.7012351337036147,18.3,AC9_071718_sco_raw_a_3_T18_3,sco,raw,a,071718,3
715.0,0.5226748720920871,18.3,AC9_071718_sco_raw_a_3_T18_3,sco,raw,a,071718,3
412.0,6.97604014223309,18.3,AC9_071718_sco_raw_c_1_T18_3,sco,raw,c,071718,1
440.0,5.973334459316206,18.3,AC9_071718_sco_raw_c_1_T18_3,sco,raw,c,071718,1
488.0,4.709101475275205,18.3,AC9_071718_sco_raw_c_1_T18_3,sco,raw,c,071718,1
510.0,4.31914114502883,18.3,AC9_071718_sco_raw_c_1_T18_3,sco,raw,c,071718,1
532.0,3.9294288337701695,18.3,AC9_071718_sco_raw_c_1_T18_3,sco,raw,c,071718,1
555.0,3.6211618362746782,18.3,AC9_071718_sco_raw_c_1_T18_3,sco,raw,c,071718,1
650.0,2.742037646514065,18.3,AC9_071718_sco_raw_c_1_T18_3,sco,raw,c,071718,1
676.0,2.56941454650824,18.3,AC9_071718_sco_raw_c_1_T18_3,sco,raw,c,071718,1
715.0,2.3146259373871554,18.3,AC9_071718_sco_raw_c_1_T18_3,sco,raw,c,071718,1
412.0,7.050282462887209,18.3,AC9_071718_sco_raw_c_2_T18_3,sco,raw,c,071718,2
440.0,6.03740949853887,18.3,AC9_071718_sco_raw_c_2_T18_3,sco,raw,c,071718,2
488.0,4.764976504188583,18.3,AC9_071718_sco_raw_c_2_T18_3,sco,raw,c,071718,2
510.0,4.368701316968633,18.3,AC9_071718_sco_raw_c_2_T18_3,sco,raw,c,071718,2
532.0,3.974997777128384,18.3,AC9_071718_sco_raw_c_2_T18_3,sco,raw,c,071718,2
555.0,3.6637091322813182,18.3,AC9_071718_sco_raw_c_2_T18_3,sco,raw,c,071718,2
650.0,2.7765544488603155,18.3,AC9_071718_sco_raw_c_2_T18_3,sco,raw,c,071718,2
676.0,2.600383652444964,18.3,AC9_071718_sco_raw_c_2_T18_3,sco,raw,c,071718,2
715.0,2.3424984085330225,18.3,AC9_071718_sco_raw_c_2_T18_3,sco,raw,c,071718,2
412.0,7.2230547297781476,18.3,AC9_071718_sco_raw_c_3_T18_3,sco,raw,c,071718,3
440.0,6.192275052225432,18.3,AC9_071718_sco_raw_c_3_T18_3,sco,raw,c,071718,3
488.0,4.9007586432410095,18.3,AC9_071718_sco_raw_c_3_T18_3,sco,raw,c,071718,3
510.0,4.504279745900508,18.3,AC9_071718_sco_raw_c_3_T18_3,sco,raw,c,071718,3
532.0,4.104459902163433,18.3,AC9_071718_sco_raw_c_3_T18_3,sco,raw,c,071718,3
555.0,3.7944926691470378,18.3,AC9_071718_sco_raw_c_3_T18_3,sco,raw,c,071718,3
650.0,2.8906141937439727,18.3,AC9_071718_sco_raw_c_3_T18_3,sco,raw,c,071718,3
676.0,2.7147311175416835,18.3,AC9_071718_sco_raw_c_3_T18_3,sco,raw,c,071718,3
715.0,2.455140979881494,18.3,AC9_071718_sco_raw_c_3_T18_3,sco,raw,c,071718,3
412.0,42.159629774885346,17.4,AC9_071718_y17_fil_a_1_T17_4,y17,fil,a,071718,1
440.0,44.192184778883814,17.4,AC9_071718_y17_fil_a_1_T17_4,y17,fil,a,071718,1
488.0,44.6996560320245,17.4,AC9_071718_y17_fil_a_1_T17_4,y17,fil,a,071718,1
510.0,44.44175066576544,17.4,AC9_071718_y17_fil_a_1_T17_4,y17,fil,a,071718,1
532.0,43.079152272900885,17.4,AC9_071718_y17_fil_a_1_T17_4,y17,fil,a,071718,1
555.0,43.47375821158521,17.4,AC9_071718_y17_fil_a_1_T17_4,y17,fil,a,071718,1
650.0,43.1206081391628,17.4,AC9_071718_y17_fil_a_1_T17_4,y17,fil,a,071718,1
676.0,43.28694547657836,17.4,AC9_071718_y17_fil_a_1_T17_4,y17,fil,a,071718,1
715.0,44.14966848184812,17.4,AC9_071718_y17_fil_a_1_T17_4,y17,fil,a,071718,1
412.0,6.3312976465122155,17.4,AC9_071718_y17_fil_a_2_T17_4,y17,fil,a,071718,2
440.0,4.089848004742223,17.4,AC9_071718_y17_fil_a_2_T17_4,y17,fil,a,071718,2
488.0,2.1254071530648218,17.4,AC9_071718_y17_fil_a_2_T17_4,y17,fil,a,071718,2
510.0,1.6820575093722971,17.4,AC9_071718_y17_fil_a_2_T17_4,y17,fil,a,071718,2
532.0,1.323979577365505,17.4,AC9_071718_y17_fil_a_2_T17_4,y17,fil,a,071718,2
555.0,1.0724931442853023,17.4,AC9_071718_y17_fil_a_2_T17_4,y17,fil,a,071718,2
650.0,0.664834270883399,17.4,AC9_071718_y17_fil_a_2_T17_4,y17,fil,a,071718,2
676.0,0.6826581925085714,17.4,AC9_071718_y17_fil_a_2_T17_4,y17,fil,a,071718,2
715.0,0.4435843879970525,17.4,AC9_071718_y17_fil_a_2_T17_4,y17,fil,a,071718,2
412.0,5.612572812578539,17.4,AC9_071718_y17_fil_c_1_T17_4,y17,fil,c,071718,1
440.0,4.298692162503457,17.4,AC9_071718_y17_fil_c_1_T17_4,y17,fil,c,071718,1
488.0,3.0895190367487064,17.4,AC9_071718_y17_fil_c_1_T17_4,y17,fil,c,071718,1
510.0,2.8450544319735216,17.4,AC9_071718_y17_fil_c_1_T17_4,y17,fil,c,071718,1
532.0,2.632296631195019,17.4,AC9_071718_y17_fil_c_1_T17_4,y17,fil,c,071718,1
555.0,2.4265922812701155,17.4,AC9_071718_y17_fil_c_1_T17_4,y17,fil,c,071718,1
650.0,1.8378735465718559,17.4,AC9_071718_y17_fil_c_1_T17_4,y17,fil,c,071718,1
676.0,1.840047082845495,17.4,AC9_071718_y17_fil_c_1_T17_4,y17,fil,c,071718,1
715.0,1.4107913213596106,17.4,AC9_071718_y17_fil_c_1_T17_4,y17,fil,c,071718,1
412.0,8.772320744775376,17.4,AC9_071718_y17_fil_c_2_T17_4,y17,fil,c,071718,2
440.0,6.364645123580713,17.4,AC9_071718_y17_fil_c_2_T17_4,y17,fil,c,071718,2
488.0,4.292999740880912,17.4,AC9_071718_y17_fil_c_2_T17_4,y17,fil,c,071718,2
510.0,3.7986193245570785,17.4,AC9_071718_y17_fil_c_2_T17_4,y17,fil,c,071718,2
532.0,3.3948763763918595,17.4,AC9_071718_y17_fil_c_2_T17_4,y17,fil,c,071718,2
555.0,3.0866607030881457,17.4,AC9_071718_y17_fil_c_2_T17_4,y17,fil,c,071718,2
650.0,2.339001228237617,17.4,AC9_071718_y17_fil_c_2_T17_4,y17,fil,c,071718,2
676.0,2.2299972390982408,17.4,AC9_071718_y17_fil_c_2_T17_4,y17,fil,c,071718,2
715.0,2.030451651363064,17.4,AC9_071718_y17_fil_c_2_T17_4,y17,fil,c,071718,2
412.0,11.072334082117894,17.1,AC9_071718_y17_raw_a_2_T17_1,y17,raw,a,071718,2
440.0,8.77564649153625,17.1,AC9_071718_y17_raw_a_2_T17_1,y17,raw,a,071718,2
488.0,6.03387571258738,17.1,AC9_071718_y17_raw_a_2_T17_1,y17,raw,a,071718,2
510.0,5.266240066006594,17.1,AC9_071718_y17_raw_a_2_T17_1,y17,raw,a,071718,2
532.0,4.540750635757127,17.1,AC9_071718_y17_raw_a_2_T17_1,y17,raw,a,071718,2
555.0,4.029034314205616,17.1,AC9_071718_y17_raw_a_2_T17_1,y17,raw,a,071718,2
650.0,3.4137597892047284,17.1,AC9_071718_y17_raw_a_2_T17_1,y17,raw,a,071718,2
676.0,3.6307783299620273,17.1,AC9_071718_y17_raw_a_2_T17_1,y17,raw,a,071718,2
715.0,2.6424828725291856,17.1,AC9_071718_y17_raw_a_2_T17_1,y17,raw,a,071718,2
412.0,11.062047817034594,17.1,AC9_071718_y17_raw_a_3_T17_1,y17,raw,a,071718,3
440.0,8.76350273919735,17.1,AC9_071718_y17_raw_a_3_T17_1,y17,raw,a,071718,3
488.0,6.022934925761717,17.1,AC9_071718_y17_raw_a_3_T17_1,y17,raw,a,071718,3
510.0,5.252959099262592,17.1,AC9_071718_y17_raw_a_3_T17_1,y17,raw,a,071718,3
532.0,4.536062530533797,17.1,AC9_071718_y17_raw_a_3_T17_1,y17,raw,a,071718,3
555.0,4.015337340592531,17.1,AC9_071718_y17_raw_a_3_T17_1,y17,raw,a,071718,3
650.0,3.4135542467054125,17.1,AC9_071718_y17_raw_a_3_T17_1,y17,raw,a,071718,3
676.0,3.62420312068794,17.1,AC9_071718_y17_raw_a_3_T17_1,y17,raw,a,071718,3
715.0,2.6412625885767227,17.1,AC9_071718_y17_raw_a_3_T17_1,y17,raw,a,071718,3
412.0,11.153579124836913,17.1,AC9_071718_y17_raw_a_4_T17_1,y17,raw,a,071718,4
440.0,8.85662606205388,17.1,AC9_071718_y17_raw_a_4_T17_1,y17,raw,a,071718,4
488.0,6.108512840202633,17.1,AC9_071718_y17_raw_a_4_T17_1,y17,raw,a,071718,4
510.0,5.3315505892624095,17.1,AC9_071718_y17_raw_a_4_T17_1,y17,raw,a,071718,4
532.0,4.602510773083117,17.1,AC9_071718_y17_raw_a_4_T17_1,y17,raw,a,071718,4
555.0,4.0841403221659425,17.1,AC9_071718_y17_raw_a_4_T17_1,y17,raw,a,071718,4
650.0,3.4702294272392313,17.1,AC9_071718_y17_raw_a_4_T17_1,y17,raw,a,071718,4
676.0,3.688533328920101,17.1,AC9_071718_y17_raw_a_4_T17_1,y17,raw,a,071718,4
715.0,2.691166640762914,17.1,AC9_071718_y17_raw_a_4_T17_1,y17,raw,a,071718,4
412.0,23.17014924931657,17.1,AC9_071718_y17_raw_c_2_T17_1,y17,raw,c,071718,2
440.0,20.2278198947816,17.1,AC9_071718_y17_raw_c_2_T17_1,y17,raw,c,071718,2
488.0,17.024850007958197,17.1,AC9_071718_y17_raw_c_2_T17_1,y17,raw,c,071718,2
510.0,16.044937447360436,17.1,AC9_071718_y17_raw_c_2_T17_1,y17,raw,c,071718,2
532.0,15.10943583336372,17.1,AC9_071718_y17_raw_c_2_T17_1,y17,raw,c,071718,2
555.0,14.292090062450646,17.1,AC9_071718_y17_raw_c_2_T17_1,y17,raw,c,071718,2
650.0,12.006075288682347,17.1,AC9_071718_y17_raw_c_2_T17_1,y17,raw,c,071718,2
676.0,11.621300832027204,17.1,AC9_071718_y17_raw_c_2_T17_1,y17,raw,c,071718,2
715.0,10.643336778203029,17.1,AC9_071718_y17_raw_c_2_T17_1,y17,raw,c,071718,2
412.0,23.003266804514524,17.1,AC9_071718_y17_raw_c_3_T17_1,y17,raw,c,071718,3
440.0,20.07476572975737,17.1,AC9_071718_y17_raw_c_3_T17_1,y17,raw,c,071718,3
488.0,16.853284764796093,17.1,AC9_071718_y17_raw_c_3_T17_1,y17,raw,c,071718,3
510.0,15.876636823862514,17.1,AC9_071718_y17_raw_c_3_T17_1,y17,raw,c,071718,3
532.0,14.943156099020806,17.1,AC9_071718_y17_raw_c_3_T17_1,y17,raw,c,071718,3
555.0,14.130517011364963,17.1,AC9_071718_y17_raw_c_3_T17_1,y17,raw,c,071718,3
650.0,11.861037645916081,17.1,AC9_071718_y17_raw_c_3_T17_1,y17,raw,c,071718,3
676.0,11.477686535608955,17.1,AC9_071718_y17_raw_c_3_T17_1,y17,raw,c,071718,3
715.0,10.524939026662473,17.1,AC9_071718_y17_raw_c_3_T17_1,y17,raw,c,071718,3
412.0,23.27408947812377,17.1,AC9_071718_y17_raw_c_4_T17_1,y17,raw,c,071718,4
440.0,20.329912735908547,17.1,AC9_071718_y17_raw_c_4_T17_1,y17,raw,c,071718,4
488.0,17.111740803573753,17.1,AC9_071718_y17_raw_c_4_T17_1,y17,raw,c,071718,4
510.0,16.113308336749434,17.1,AC9_071718_y17_raw_c_4_T17_1,y17,raw,c,071718,4
532.0,15.17357039554592,17.1,AC9_071718_y17_raw_c_4_T17_1,y17,raw,c,071718,4
555.0,14.370323746288273,17.1,AC9_071718_y17_raw_c_4_T17_1,y17,raw,c,071718,4
650.0,12.090892311062918,17.1,AC9_071718_y17_raw_c_4_T17_1,y17,raw,c,071718,4
676.0,11.685834038037047,17.1,AC9_071718_y17_raw_c_4_T17_1,y17,raw,c,071718,4
715.0,10.73517975082118,17.1,AC9_071718_y17_raw_c_4_T17_1,y17,raw,c,071718,4
412.0,3.9875708108834185,17.0,AC9_071718_y20_fil_a_1_T17_0,y20,fil,a,071718,1
440.0,2.3327349740140133,17.0,AC9_071718_y20_fil_a_1_T17_0,y20,fil,a,071718,1
488.0,1.0684805589180175,17.0,AC9_071718_y20_fil_a_1_T17_0,y20,fil,a,071718,1
510.0,0.7969709353310745,17.0,AC9_071718_y20_fil_a_1_T17_0,y20,fil,a,071718,1
532.0,0.5895896075238758,17.0,AC9_071718_y20_fil_a_1_T17_0,y20,fil,a,071718,1
555.0,0.44346194176726617,17.0,AC9_071718_y20_fil_a_1_T17_0,y20,fil,a,071718,1
650.0,0.13268891505761882,17.0,AC9_071718_y20_fil_a_1_T17_0,y20,fil,a,071718,1
676.0,0.095173326151552,17.0,AC9_071718_y20_fil_a_1_T17_0,y20,fil,a,071718,1
715.0,0.07072295028672304,17.0,AC9_071718_y20_fil_a_1_T17_0,y20,fil,a,071718,1
412.0,4.038208259830138,19.7,AC9_071718_y20_fil_a_2_T19_7,y20,fil,a,071718,2
440.0,2.3620153236334747,19.7,AC9_071718_y20_fil_a_2_T19_7,y20,fil,a,071718,2
488.0,1.0769984520903633,19.7,AC9_071718_y20_fil_a_2_T19_7,y20,fil,a,071718,2
510.0,0.8015046551109415,19.7,AC9_071718_y20_fil_a_2_T19_7,y20,fil,a,071718,2
532.0,0.5913334928645217,19.7,AC9_071718_y20_fil_a_2_T19_7,y20,fil,a,071718,2
555.0,0.4434198485139368,19.7,AC9_071718_y20_fil_a_2_T19_7,y20,fil,a,071718,2
650.0,0.1275811924156403,19.7,AC9_071718_y20_fil_a_2_T19_7,y20,fil,a,071718,2
676.0,0.08844453191995089,19.7,AC9_071718_y20_fil_a_2_T19_7,y20,fil,a,071718,2
715.0,0.05247634888419581,19.7,AC9_071718_y20_fil_a_2_T19_7,y20,fil,a,071718,2
412.0,4.2901636641702785,17.0,AC9_071718_y20_fil_c_1_T17_0,y20,fil,c,071718,1
440.0,2.5979753272706794,17.0,AC9_071718_y20_fil_c_1_T17_0,y20,fil,c,071718,1
488.0,1.2937908091108736,17.0,AC9_071718_y20_fil_c_1_T17_0,y20,fil,c,071718,1
510.0,1.0093356900163293,17.0,AC9_071718_y20_fil_c_1_T17_0,y20,fil,c,071718,1
532.0,0.7969643407286454,17.0,AC9_071718_y20_fil_c_1_T17_0,y20,fil,c,071718,1
555.0,0.6458291394222656,17.0,AC9_071718_y20_fil_c_1_T17_0,y20,fil,c,071718,1
650.0,0.30196325513823996,17.0,AC9_071718_y20_fil_c_1_T17_0,y20,fil,c,071718,1
676.0,0.2581148602961879,17.0,AC9_071718_y20_fil_c_1_T17_0,y20,fil,c,071718,1
715.0,0.2252957004335832,17.0,AC9_071718_y20_fil_c_1_T17_0,y20,fil,c,071718,1
412.0,4.274462734259829,19.7,AC9_071718_y20_fil_c_2_T19_7,y20,fil,c,071718,2
440.0,2.5647884033053234,19.7,AC9_071718_y20_fil_c_2_T19_7,y20,fil,c,071718,2
488.0,1.2502083489365703,19.7,AC9_071718_y20_fil_c_2_T19_7,y20,fil,c,071718,2
510.0,0.9651098328090518,19.7,AC9_071718_y20_fil_c_2_T19_7,y20,fil,c,071718,2
532.0,0.7526688702286488,19.7,AC9_071718_y20_fil_c_2_T19_7,y20,fil,c,071718,2
555.0,0.6011668992440958,19.7,AC9_071718_y20_fil_c_2_T19_7,y20,fil,c,071718,2
650.0,0.2569686918634677,19.7,AC9_071718_y20_fil_c_2_T19_7,y20,fil,c,071718,2
676.0,0.21793056077750125,19.7,AC9_071718_y20_fil_c_2_T19_7,y20,fil,c,071718,2
715.0,0.17224376491854074,19.7,AC9_071718_y20_fil_c_2_T19_7,y20,fil,c,071718,2
412.0,4.764895751302396,16.8,AC9_071718_y20_raw_a_1_T16_8,y20,raw,a,071718,1
440.0,2.9155578158497653,16.8,AC9_071718_y20_raw_a_1_T16_8,y20,raw,a,071718,1
488.0,1.4599750150696875,16.8,AC9_071718_y20_raw_a_1_T16_8,y20,raw,a,071718,1
510.0,1.1288991087063271,16.8,AC9_071718_y20_raw_a_1_T16_8,y20,raw,a,071718,1
532.0,0.8707707825327982,16.8,AC9_071718_y20_raw_a_1_T16_8,y20,raw,a,071718,1
555.0,0.6850170615470637,16.8,AC9_071718_y20_raw_a_1_T16_8,y20,raw,a,071718,1
650.0,0.2947921268035897,16.8,AC9_071718_y20_raw_a_1_T16_8,y20,raw,a,071718,1
676.0,0.2615969968360473,16.8,AC9_071718_y20_raw_a_1_T16_8,y20,raw,a,071718,1
715.0,0.19726364713744107,16.8,AC9_071718_y20_raw_a_1_T16_8,y20,raw,a,071718,1
412.0,4.912415081210826,16.8,AC9_071718_y20_raw_a_2_T16_8,y20,raw,a,071718,2
440.0,3.0557099674021475,16.8,AC9_071718_y20_raw_a_2_T16_8,y20,raw,a,071718,2
488.0,1.5827769332068338,16.8,AC9_071718_y20_raw_a_2_T16_8,y20,raw,a,071718,2
510.0,1.2501755778821115,16.8,AC9_071718_y20_raw_a_2_T16_8,y20,raw,a,071718,2
532.0,0.9790074767476752,16.8,AC9_071718_y20_raw_a_2_T16_8,y20,raw,a,071718,2
555.0,0.7916523033384423,16.8,AC9_071718_y20_raw_a_2_T16_8,y20,raw,a,071718,2
650.0,0.3974006425507415,16.8,AC9_071718_y20_raw_a_2_T16_8,y20,raw,a,071718,2
676.0,0.3725317667712717,16.8,AC9_071718_y20_raw_a_2_T16_8,y20,raw,a,071718,2
715.0,0.29094969806440113,16.8,AC9_071718_y20_raw_a_2_T16_8,y20,raw,a,071718,2
412.0,4.777339981454706,16.8,AC9_071718_y20_raw_a_3_T16_8,y20,raw,a,071718,3
440.0,2.9277431437931223,16.8,AC9_071718_y20_raw_a_3_T16_8,y20,raw,a,071718,3
488.0,1.4735769410637924,16.8,AC9_071718_y20_raw_a_3_T16_8,y20,raw,a,071718,3
510.0,1.1446097640965578,16.8,AC9_071718_y20_raw_a_3_T16_8,y20,raw,a,071718,3
532.0,0.8828340353092612,16.8,AC9_071718_y20_raw_a_3_T16_8,y20,raw,a,071718,3
555.0,0.6984378241003399,16.8,AC9_071718_y20_raw_a_3_T16_8,y20,raw,a,071718,3
650.0,0.3083265647895658,16.8,AC9_071718_y20_raw_a_3_T16_8,y20,raw,a,071718,3
676.0,0.2741438180731198,16.8,AC9_071718_y20_raw_a_3_T16_8,y20,raw,a,071718,3
715.0,0.21071113434356373,16.8,AC9_071718_y20_raw_a_3_T16_8,y20,raw,a,071718,3
412.0,5.486967875682873,16.8,AC9_071718_y20_raw_c_1_T16_8,y20,raw,c,071718,1
440.0,3.5560163285474133,16.8,AC9_071718_y20_raw_c_1_T16_8,y20,raw,c,071718,1
488.0,2.0356570229023663,16.8,AC9_071718_y20_raw_c_1_T16_8,y20,raw,c,071718,1
510.0,1.6783855937806438,16.8,AC9_071718_y20_raw_c_1_T16_8,y20,raw,c,071718,1
532.0,1.4052758866087671,16.8,AC9_071718_y20_raw_c_1_T16_8,y20,raw,c,071718,1
555.0,1.2015270825045532,16.8,AC9_071718_y20_raw_c_1_T16_8,y20,raw,c,071718,1
650.0,0.7279588710603723,16.8,AC9_071718_y20_raw_c_1_T16_8,y20,raw,c,071718,1
676.0,0.6578516898725308,16.8,AC9_071718_y20_raw_c_1_T16_8,y20,raw,c,071718,1
715.0,0.6028264538450764,16.8,AC9_071718_y20_raw_c_1_T16_8,y20,raw,c,071718,1
412.0,5.8484349166701355,16.8,AC9_071718_y20_raw_c_2_T16_8,y20,raw,c,071718,2
440.0,3.914080136342814,16.8,AC9_071718_y20_raw_c_2_T16_8,y20,raw,c,071718,2
488.0,2.3724605146379045,16.8,AC9_071718_y20_raw_c_2_T16_8,y20,raw,c,071718,2
510.0,2.0068512538208467,16.8,AC9_071718_y20_raw_c_2_T16_8,y20,raw,c,071718,2
532.0,1.7269104236871693,16.8,AC9_071718_y20_raw_c_2_T16_8,y20,raw,c,071718,2
555.0,1.5158188158081032,16.8,AC9_071718_y20_raw_c_2_T16_8,y20,raw,c,071718,2
650.0,1.0266422265439563,16.8,AC9_071718_y20_raw_c_2_T16_8,y20,raw,c,071718,2
676.0,0.9597979730979044,16.8,AC9_071718_y20_raw_c_2_T16_8,y20,raw,c,071718,2
715.0,0.8952560741265155,16.8,AC9_071718_y20_raw_c_2_T16_8,y20,raw,c,071718,2
412.0,5.5117831044832215,16.8,AC9_071718_y20_raw_c_3_T16_8,y20,raw,c,071718,3
440.0,3.581967354616372,16.8,AC9_071718_y20_raw_c_3_T16_8,y20,raw,c,071718,3
488.0,2.0559900374071884,16.8,AC9_071718_y20_raw_c_3_T16_8,y20,raw,c,071718,3
510.0,1.7037981247532816,16.8,AC9_071718_y20_raw_c_3_T16_8,y20,raw,c,071718,3
532.0,1.424041264200004,16.8,AC9_071718_y20_raw_c_3_T16_8,y20,raw,c,071718,3
555.0,1.2227932987248984,16.8,AC9_071718_y20_raw_c_3_T16_8,y20,raw,c,071718,3
650.0,0.7479529420721208,16.8,AC9_071718_y20_raw_c_3_T16_8,y20,raw,c,071718,3
676.0,0.6807234582537045,16.8,AC9_071718_y20_raw_c_3_T16_8,y20,raw,c,071718,3
715.0,0.6258683161753188,16.8,AC9_071718_y20_raw_c_3_T16_8,y20,raw,c,071718,3
412.0,3.796716431819505,22.3,AC9_071818_boo_fil_a_1_T22_3,boo,fil,a,071818,1
440.0,2.2633480796568324,22.3,AC9_071818_boo_fil_a_1_T22_3,boo,fil,a,071818,1
488.0,1.0279594911506262,22.3,AC9_071818_boo_fil_a_1_T22_3,boo,fil,a,071818,1
510.0,0.7626126016908993,22.3,AC9_071818_boo_fil_a_1_T22_3,boo,fil,a,071818,1
532.0,0.5604301696718791,22.3,AC9_071818_boo_fil_a_1_T22_3,boo,fil,a,071818,1
555.0,0.4195089038248913,22.3,AC9_071818_boo_fil_a_1_T22_3,boo,fil,a,071818,1
650.0,0.11949717551604015,22.3,AC9_071818_boo_fil_a_1_T22_3,boo,fil,a,071818,1
676.0,0.08333654895212451,22.3,AC9_071818_boo_fil_a_1_T22_3,boo,fil,a,071818,1
715.0,0.05297749948042665,22.3,AC9_071818_boo_fil_a_1_T22_3,boo,fil,a,071818,1
412.0,4.145943942565685,22.3,AC9_071818_boo_fil_a_2_T22_3,boo,fil,a,071818,2
440.0,2.6180309628391454,22.3,AC9_071818_boo_fil_a_2_T22_3,boo,fil,a,071818,2
488.0,1.3702539672538694,22.3,AC9_071818_boo_fil_a_2_T22_3,boo,fil,a,071818,2
510.0,1.1130844989070332,22.3,AC9_071818_boo_fil_a_2_T22_3,boo,fil,a,071818,2
532.0,0.9290365416827402,22.3,AC9_071818_boo_fil_a_2_T22_3,boo,fil,a,071818,2
555.0,0.7660328094809487,22.3,AC9_071818_boo_fil_a_2_T22_3,boo,fil,a,071818,2
650.0,0.44260584226994104,22.3,AC9_071818_boo_fil_a_2_T22_3,boo,fil,a,071818,2
676.0,0.4293354206849258,22.3,AC9_071818_boo_fil_a_2_T22_3,boo,fil,a,071818,2
715.0,0.37548066366636623,22.3,AC9_071818_boo_fil_a_2_T22_3,boo,fil,a,071818,2
412.0,3.7811336213151336,21.9,AC9_071818_boo_fil_a_3_T21_9,boo,fil,a,071818,3
440.0,2.2522203991417418,21.9,AC9_071818_boo_fil_a_3_T21_9,boo,fil,a,071818,3
488.0,1.019948435057605,21.9,AC9_071818_boo_fil_a_3_T21_9,boo,fil,a,071818,3
510.0,0.7559169937698738,21.9,AC9_071818_boo_fil_a_3_T21_9,boo,fil,a,071818,3
532.0,0.555319674706374,21.9,AC9_071818_boo_fil_a_3_T21_9,boo,fil,a,071818,3
555.0,0.4140729272117809,21.9,AC9_071818_boo_fil_a_3_T21_9,boo,fil,a,071818,3
650.0,0.11740611672655507,21.9,AC9_071818_boo_fil_a_3_T21_9,boo,fil,a,071818,3
676.0,0.08069854604520507,21.9,AC9_071818_boo_fil_a_3_T21_9,boo,fil,a,071818,3
715.0,0.05298798576463394,21.9,AC9_071818_boo_fil_a_3_T21_9,boo,fil,a,071818,3
412.0,3.9405725429705862,22.3,AC9_071818_boo_fil_c_1_T22_3,boo,fil,c,071818,1
440.0,2.371584646458608,22.3,AC9_071818_boo_fil_c_1_T22_3,boo,fil,c,071818,1
488.0,1.109320668061307,22.3,AC9_071818_boo_fil_c_1_T22_3,boo,fil,c,071818,1
510.0,0.8372924957520385,22.3,AC9_071818_boo_fil_c_1_T22_3,boo,fil,c,071818,1
532.0,0.6326648274772655,22.3,AC9_071818_boo_fil_c_1_T22_3,boo,fil,c,071818,1
555.0,0.4959560489262691,22.3,AC9_071818_boo_fil_c_1_T22_3,boo,fil,c,071818,1
650.0,0.18976452529564924,22.3,AC9_071818_boo_fil_c_1_T22_3,boo,fil,c,071818,1
676.0,0.15164037817529769,22.3,AC9_071818_boo_fil_c_1_T22_3,boo,fil,c,071818,1
715.0,0.1200135620116979,22.3,AC9_071818_boo_fil_c_1_T22_3,boo,fil,c,071818,1
412.0,3.9332955941008136,22.3,AC9_071818_boo_fil_c_2_T22_3,boo,fil,c,071818,2
440.0,2.3622010587717344,22.3,AC9_071818_boo_fil_c_2_T22_3,boo,fil,c,071818,2
488.0,1.0970276315210223,22.3,AC9_071818_boo_fil_c_2_T22_3,boo,fil,c,071818,2
510.0,0.8263881959057888,22.3,AC9_071818_boo_fil_c_2_T22_3,boo,fil,c,071818,2
532.0,0.620277723090468,22.3,AC9_071818_boo_fil_c_2_T22_3,boo,fil,c,071818,2
555.0,0.4853220506273387,22.3,AC9_071818_boo_fil_c_2_T22_3,boo,fil,c,071818,2
650.0,0.17687970636143513,22.3,AC9_071818_boo_fil_c_2_T22_3,boo,fil,c,071818,2
676.0,0.14183868633061866,22.3,AC9_071818_boo_fil_c_2_T22_3,boo,fil,c,071818,2
715.0,0.10597790248734312,22.3,AC9_071818_boo_fil_c_2_T22_3,boo,fil,c,071818,2
412.0,3.963085533743418,21.9,AC9_071818_boo_fil_c_3_T21_9,boo,fil,c,071818,3
440.0,2.385833633048636,21.9,AC9_071818_boo_fil_c_3_T21_9,boo,fil,c,071818,3
488.0,1.1178685516661515,21.9,AC9_071818_boo_fil_c_3_T21_9,boo,fil,c,071818,3
510.0,0.8479356384475812,21.9,AC9_071818_boo_fil_c_3_T21_9,boo,fil,c,071818,3
532.0,0.6419566480506264,21.9,AC9_071818_boo_fil_c_3_T21_9,boo,fil,c,071818,3
555.0,0.5065526218524583,21.9,AC9_071818_boo_fil_c_3_T21_9,boo,fil,c,071818,3
650.0,0.19912586688498474,21.9,AC9_071818_boo_fil_c_3_T21_9,boo,fil,c,071818,3
676.0,0.16491919909722555,21.9,AC9_071818_boo_fil_c_3_T21_9,boo,fil,c,071818,3
715.0,0.13099113276098598,21.9,AC9_071818_boo_fil_c_3_T21_9,boo,fil,c,071818,3
412.0,4.552633430796204,17.0,AC9_071818_boo_raw_a_1_T17_0,boo,raw,a,071818,1
440.0,2.860033973391088,17.0,AC9_071818_boo_raw_a_1_T17_0,boo,raw,a,071818,1
488.0,1.4277296015882834,17.0,AC9_071818_boo_raw_a_1_T17_0,boo,raw,a,071818,1
510.0,1.1020298264232666,17.0,AC9_071818_boo_raw_a_1_T17_0,boo,raw,a,071818,1
532.0,0.847858942656766,17.0,AC9_071818_boo_raw_a_1_T17_0,boo,raw,a,071818,1
555.0,0.6704090452764031,17.0,AC9_071818_boo_raw_a_1_T17_0,boo,raw,a,071818,1
650.0,0.305512221328383,17.0,AC9_071818_boo_raw_a_1_T17_0,boo,raw,a,071818,1
676.0,0.28300888294141896,17.0,AC9_071818_boo_raw_a_1_T17_0,boo,raw,a,071818,1
715.0,0.1993234818481847,17.0,AC9_071818_boo_raw_a_1_T17_0,boo,raw,a,071818,1
412.0,4.5352377674354205,17.0,AC9_071818_boo_raw_a_2_T17_0,boo,raw,a,071818,2
440.0,2.8433039408312104,17.0,AC9_071818_boo_raw_a_2_T17_0,boo,raw,a,071818,2
488.0,1.4097529536965658,17.0,AC9_071818_boo_raw_a_2_T17_0,boo,raw,a,071818,2
510.0,1.083941682773068,17.0,AC9_071818_boo_raw_a_2_T17_0,boo,raw,a,071818,2
532.0,0.8297134139641511,17.0,AC9_071818_boo_raw_a_2_T17_0,boo,raw,a,071818,2
555.0,0.6536572300942669,17.0,AC9_071818_boo_raw_a_2_T17_0,boo,raw,a,071818,2
650.0,0.2858254494970455,17.0,AC9_071818_boo_raw_a_2_T17_0,boo,raw,a,071818,2
676.0,0.2632217345507,17.0,AC9_071818_boo_raw_a_2_T17_0,boo,raw,a,071818,2
715.0,0.17989713454279552,17.0,AC9_071818_boo_raw_a_2_T17_0,boo,raw,a,071818,2
412.0,4.532644574405753,17.0,AC9_071818_boo_raw_a_3_T17_0,boo,raw,a,071818,3
440.0,2.8402779221270427,17.0,AC9_071818_boo_raw_a_3_T17_0,boo,raw,a,071818,3
488.0,1.407797371602327,17.0,AC9_071818_boo_raw_a_3_T17_0,boo,raw,a,071818,3
510.0,1.0827523731227062,17.0,AC9_071818_boo_raw_a_3_T17_0,boo,raw,a,071818,3
532.0,0.8292611519264284,17.0,AC9_071818_boo_raw_a_3_T17_0,boo,raw,a,071818,3
555.0,0.6523637247005597,17.0,AC9_071818_boo_raw_a_3_T17_0,boo,raw,a,071818,3
650.0,0.284657295064338,17.0,AC9_071818_boo_raw_a_3_T17_0,boo,raw,a,071818,3
676.0,0.2618591052026549,17.0,AC9_071818_boo_raw_a_3_T17_0,boo,raw,a,071818,3
715.0,0.17941341443245462,17.0,AC9_071818_boo_raw_a_3_T17_0,boo,raw,a,071818,3
412.0,5.296152840042368,17.0,AC9_071818_boo_raw_c_1_T17_0,boo,raw,c,071818,1
440.0,3.552769928495763,17.0,AC9_071818_boo_raw_c_1_T17_0,boo,raw,c,071818,1
488.0,2.082922329978816,17.0,AC9_071818_boo_raw_c_1_T17_0,boo,raw,c,071818,1
510.0,1.7410308241525432,17.0,AC9_071818_boo_raw_c_1_T17_0,boo,raw,c,071818,1
532.0,1.4686518744703398,17.0,AC9_071818_boo_raw_c_1_T17_0,boo,raw,c,071818,1
555.0,1.2804083485169484,17.0,AC9_071818_boo_raw_c_1_T17_0,boo,raw,c,071818,1
650.0,0.8206978411016943,17.0,AC9_071818_boo_raw_c_1_T17_0,boo,raw,c,071818,1
676.0,0.7584244290254231,17.0,AC9_071818_boo_raw_c_1_T17_0,boo,raw,c,071818,1
715.0,0.6983586800847457,17.0,AC9_071818_boo_raw_c_1_T17_0,boo,raw,c,071818,1
412.0,5.2761914239994585,17.0,AC9_071818_boo_raw_c_2_T17_0,boo,raw,c,071818,2
440.0,3.5251533641868797,17.0,AC9_071818_boo_raw_c_2_T17_0,boo,raw,c,071818,2
488.0,2.0519086891978757,17.0,AC9_071818_boo_raw_c_2_T17_0,boo,raw,c,071818,2
510.0,1.7067945459589295,17.0,AC9_071818_boo_raw_c_2_T17_0,boo,raw,c,071818,2
532.0,1.4373263676714378,17.0,AC9_071818_boo_raw_c_2_T17_0,boo,raw,c,071818,2
555.0,1.2474639284820197,17.0,AC9_071818_boo_raw_c_2_T17_0,boo,raw,c,071818,2
650.0,0.7895441177983017,17.0,AC9_071818_boo_raw_c_2_T17_0,boo,raw,c,071818,2
676.0,0.7257537350383974,17.0,AC9_071818_boo_raw_c_2_T17_0,boo,raw,c,071818,2
715.0,0.6639889757434287,17.0,AC9_071818_boo_raw_c_2_T17_0,boo,raw,c,071818,2
412.0,5.273669489621028,17.0,AC9_071818_boo_raw_c_3_T17_0,boo,raw,c,071818,3
440.0,3.521161579127788,17.0,AC9_071818_boo_raw_c_3_T17_0,boo,raw,c,071818,3
488.0,2.0493374012569032,17.0,AC9_071818_boo_raw_c_3_T17_0,boo,raw,c,071818,3
510.0,1.7068322075795097,17.0,AC9_071818_boo_raw_c_3_T17_0,boo,raw,c,071818,3
532.0,1.4340091213102264,17.0,AC9_071818_boo_raw_c_3_T17_0,boo,raw,c,071818,3
555.0,1.2459075936012198,17.0,AC9_071818_boo_raw_c_3_T17_0,boo,raw,c,071818,3
650.0,0.7853630222814697,17.0,AC9_071818_boo_raw_c_3_T17_0,boo,raw,c,071818,3
676.0,0.7218492218625019,17.0,AC9_071818_boo_raw_c_3_T17_0,boo,raw,c,071818,3
715.0,0.6626004399162061,17.0,AC9_071818_boo_raw_c_3_T17_0,boo,raw,c,071818,3
412.0,1.366499983785336,22.4,AC9_071818_gre_fil_a_1_T22_4,gre,fil,a,071818,1
440.0,0.7899269108910894,22.4,AC9_071818_gre_fil_a_1_T22_4,gre,fil,a,071818,1
488.0,0.34603775240350115,22.4,AC9_071818_gre_fil_a_1_T22_4,gre,fil,a,071818,1
510.0,0.25560605876022346,22.4,AC9_071818_gre_fil_a_1_T22_4,gre,fil,a,071818,1
532.0,0.1888576328741568,22.4,AC9_071818_gre_fil_a_1_T22_4,gre,fil,a,071818,1
555.0,0.1426985466350985,22.4,AC9_071818_gre_fil_a_1_T22_4,gre,fil,a,071818,1
650.0,0.04923465339360016,22.4,AC9_071818_gre_fil_a_1_T22_4,gre,fil,a,071818,1
676.0,0.03870808810446258,22.4,AC9_071818_gre_fil_a_1_T22_4,gre,fil,a,071818,1
715.0,0.024576329674271785,22.4,AC9_071818_gre_fil_a_1_T22_4,gre,fil,a,071818,1
412.0,1.3534601064906482,22.3,AC9_071818_gre_fil_a_2_T22_3,gre,fil,a,071818,2
440.0,0.7807425331133115,22.3,AC9_071818_gre_fil_a_2_T22_3,gre,fil,a,071818,2
488.0,0.3397133383938395,22.3,AC9_071818_gre_fil_a_2_T22_3,gre,fil,a,071818,2
510.0,0.2504523104510449,22.3,AC9_071818_gre_fil_a_2_T22_3,gre,fil,a,071818,2
532.0,0.18380498987898772,22.3,AC9_071818_gre_fil_a_2_T22_3,gre,fil,a,071818,2
555.0,0.137738997359736,22.3,AC9_071818_gre_fil_a_2_T22_3,gre,fil,a,071818,2
650.0,0.045512106050605065,22.3,AC9_071818_gre_fil_a_2_T22_3,gre,fil,a,071818,2
676.0,0.03249682530253016,22.3,AC9_071818_gre_fil_a_2_T22_3,gre,fil,a,071818,2
715.0,0.023408548514851392,22.3,AC9_071818_gre_fil_a_2_T22_3,gre,fil,a,071818,2
412.0,1.3671900974628723,22.0,AC9_071818_gre_fil_a_3_T22_0,gre,fil,a,071818,3
440.0,0.7900882077660896,22.0,AC9_071818_gre_fil_a_3_T22_0,gre,fil,a,071818,3
488.0,0.3444858307549505,22.0,AC9_071818_gre_fil_a_3_T22_0,gre,fil,a,071818,3
510.0,0.2546099878816003,22.0,AC9_071818_gre_fil_a_3_T22_0,gre,fil,a,071818,3
532.0,0.18736620307343246,22.0,AC9_071818_gre_fil_a_3_T22_0,gre,fil,a,071818,3
555.0,0.1407565140264025,22.0,AC9_071818_gre_fil_a_3_T22_0,gre,fil,a,071818,3
650.0,0.0478126327867162,22.0,AC9_071818_gre_fil_a_3_T22_0,gre,fil,a,071818,3
676.0,0.034479752733085886,22.0,AC9_071818_gre_fil_a_3_T22_0,gre,fil,a,071818,3
715.0,0.027299106848184845,22.0,AC9_071818_gre_fil_a_3_T22_0,gre,fil,a,071818,3
412.0,1.4802215003684605,22.4,AC9_071818_gre_fil_c_1_T22_4,gre,fil,c,071818,1
440.0,0.8960103021370672,22.4,AC9_071818_gre_fil_c_1_T22_4,gre,fil,c,071818,1
488.0,0.4457245759027263,22.4,AC9_071818_gre_fil_c_1_T22_4,gre,fil,c,071818,1
510.0,0.3524089708916727,22.4,AC9_071818_gre_fil_c_1_T22_4,gre,fil,c,071818,1
532.0,0.2886800714812089,22.4,AC9_071818_gre_fil_c_1_T22_4,gre,fil,c,071818,1
555.0,0.2440998566691229,22.4,AC9_071818_gre_fil_c_1_T22_4,gre,fil,c,071818,1
650.0,0.14917240088430336,22.4,AC9_071818_gre_fil_c_1_T22_4,gre,fil,c,071818,1
676.0,0.1334233610906414,22.4,AC9_071818_gre_fil_c_1_T22_4,gre,fil,c,071818,1
715.0,0.1211643485630064,22.4,AC9_071818_gre_fil_c_1_T22_4,gre,fil,c,071818,1
412.0,1.4416548636534845,22.3,AC9_071818_gre_fil_c_2_T22_3,gre,fil,c,071818,2
440.0,0.8631259958568736,22.3,AC9_071818_gre_fil_c_2_T22_3,gre,fil,c,071818,2
488.0,0.4162546015065913,22.3,AC9_071818_gre_fil_c_2_T22_3,gre,fil,c,071818,2
510.0,0.3259080380414313,22.3,AC9_071818_gre_fil_c_2_T22_3,gre,fil,c,071818,2
532.0,0.2618297043314505,22.3,AC9_071818_gre_fil_c_2_T22_3,gre,fil,c,071818,2
555.0,0.21877890546139356,22.3,AC9_071818_gre_fil_c_2_T22_3,gre,fil,c,071818,2
650.0,0.12547894387947284,22.3,AC9_071818_gre_fil_c_2_T22_3,gre,fil,c,071818,2
676.0,0.1130820693032015,22.3,AC9_071818_gre_fil_c_2_T22_3,gre,fil,c,071818,2
715.0,0.1011825495291903,22.3,AC9_071818_gre_fil_c_2_T22_3,gre,fil,c,071818,2
412.0,1.4823635067090382,22.0,AC9_071818_gre_fil_c_3_T22_0,gre,fil,c,071818,3
440.0,0.8968582409957635,22.0,AC9_071818_gre_fil_c_3_T22_0,gre,fil,c,071818,3
488.0,0.4440408247704804,22.0,AC9_071818_gre_fil_c_3_T22_0,gre,fil,c,071818,3
510.0,0.3531363085275418,22.0,AC9_071818_gre_fil_c_3_T22_0,gre,fil,c,071818,3
532.0,0.285179218220339,22.0,AC9_071818_gre_fil_c_3_T22_0,gre,fil,c,071818,3
555.0,0.2435423224752826,22.0,AC9_071818_gre_fil_c_3_T22_0,gre,fil,c,071818,3
650.0,0.14785884631002816,22.0,AC9_071818_gre_fil_c_3_T22_0,gre,fil,c,071818,3
676.0,0.13566338215042398,22.0,AC9_071818_gre_fil_c_3_T22_0,gre,fil,c,071818,3
715.0,0.1247470134180791,22.0,AC9_071818_gre_fil_c_3_T22_0,gre,fil,c,071818,3
412.0,1.9292877889383115,17.1,AC9_071818_gre_raw_a_1_T17_1,gre,raw,a,071818,1
440.0,1.3237079930166935,17.1,AC9_071818_gre_raw_a_1_T17_1,gre,raw,a,071818,1
488.0,0.733984630825401,17.1,AC9_071818_gre_raw_a_1_T17_1,gre,raw,a,071818,1
510.0,0.5843419661676318,17.1,AC9_071818_gre_raw_a_1_T17_1,gre,raw,a,071818,1
532.0,0.4539748607324504,17.1,AC9_071818_gre_raw_a_1_T17_1,gre,raw,a,071818,1
555.0,0.38429440251271424,17.1,AC9_071818_gre_raw_a_1_T17_1,gre,raw,a,071818,1
650.0,0.23260511152564545,17.1,AC9_071818_gre_raw_a_1_T17_1,gre,raw,a,071818,1
676.0,0.2586462137083276,17.1,AC9_071818_gre_raw_a_1_T17_1,gre,raw,a,071818,1
715.0,0.1762634898997144,17.1,AC9_071818_gre_raw_a_1_T17_1,gre,raw,a,071818,1
412.0,1.9865277896324107,17.1,AC9_071818_gre_raw_a_2_T17_1,gre,raw,a,071818,2
440.0,1.3789202729600567,17.1,AC9_071818_gre_raw_a_2_T17_1,gre,raw,a,071818,2
488.0,0.7853516587003531,17.1,AC9_071818_gre_raw_a_2_T17_1,gre,raw,a,071818,2
510.0,0.6368973533629227,17.1,AC9_071818_gre_raw_a_2_T17_1,gre,raw,a,071818,2
532.0,0.5073413090360752,17.1,AC9_071818_gre_raw_a_2_T17_1,gre,raw,a,071818,2
555.0,0.43686612609536796,17.1,AC9_071818_gre_raw_a_2_T17_1,gre,raw,a,071818,2
650.0,0.2847652148628659,17.1,AC9_071818_gre_raw_a_2_T17_1,gre,raw,a,071818,2
676.0,0.31071215557072923,17.1,AC9_071818_gre_raw_a_2_T17_1,gre,raw,a,071818,2
715.0,0.2277984128826675,17.1,AC9_071818_gre_raw_a_2_T17_1,gre,raw,a,071818,2
412.0,1.984729927563445,17.1,AC9_071818_gre_raw_a_3_T17_1,gre,raw,a,071818,3
440.0,1.380058324684191,17.1,AC9_071818_gre_raw_a_3_T17_1,gre,raw,a,071818,3
488.0,0.7878232276658699,17.1,AC9_071818_gre_raw_a_3_T17_1,gre,raw,a,071818,3
510.0,0.636210784397406,17.1,AC9_071818_gre_raw_a_3_T17_1,gre,raw,a,071818,3
532.0,0.5081499124843523,17.1,AC9_071818_gre_raw_a_3_T17_1,gre,raw,a,071818,3
555.0,0.4367625054057133,17.1,AC9_071818_gre_raw_a_3_T17_1,gre,raw,a,071818,3
650.0,0.2875237493456242,17.1,AC9_071818_gre_raw_a_3_T17_1,gre,raw,a,071818,3
676.0,0.31074670729486736,17.1,AC9_071818_gre_raw_a_3_T17_1,gre,raw,a,071818,3
715.0,0.2272202921930121,17.1,AC9_071818_gre_raw_a_3_T17_1,gre,raw,a,071818,3
412.0,3.9030109528644354,17.1,AC9_071818_gre_raw_c_1_T17_1,gre,raw,c,071818,1
440.0,3.1418217803979367,17.1,AC9_071818_gre_raw_c_1_T17_1,gre,raw,c,071818,1
488.0,2.361840280411583,17.1,AC9_071818_gre_raw_c_1_T17_1,gre,raw,c,071818,1
510.0,2.136934623870739,17.1,AC9_071818_gre_raw_c_1_T17_1,gre,raw,c,071818,1
532.0,1.9177252035262948,17.1,AC9_071818_gre_raw_c_1_T17_1,gre,raw,c,071818,1
555.0,1.7645388526433603,17.1,AC9_071818_gre_raw_c_1_T17_1,gre,raw,c,071818,1
650.0,1.3110430417860746,17.1,AC9_071818_gre_raw_c_1_T17_1,gre,raw,c,071818,1
676.0,1.2537601292065823,17.1,AC9_071818_gre_raw_c_1_T17_1,gre,raw,c,071818,1
715.0,1.1428227350364382,17.1,AC9_071818_gre_raw_c_1_T17_1,gre,raw,c,071818,1
412.0,4.0072101008182335,17.1,AC9_071818_gre_raw_c_2_T17_1,gre,raw,c,071818,2
440.0,3.243928895090592,17.1,AC9_071818_gre_raw_c_2_T17_1,gre,raw,c,071818,2
488.0,2.4650754582115706,17.1,AC9_071818_gre_raw_c_2_T17_1,gre,raw,c,071818,2
510.0,2.2380889491525435,17.1,AC9_071818_gre_raw_c_2_T17_1,gre,raw,c,071818,2
532.0,2.0210724035651677,17.1,AC9_071818_gre_raw_c_2_T17_1,gre,raw,c,071818,2
555.0,1.8679152989479813,17.1,AC9_071818_gre_raw_c_2_T17_1,gre,raw,c,071818,2
650.0,1.4184256212741098,17.1,AC9_071818_gre_raw_c_2_T17_1,gre,raw,c,071818,2
676.0,1.3601414570426658,17.1,AC9_071818_gre_raw_c_2_T17_1,gre,raw,c,071818,2
715.0,1.2472643223261244,17.1,AC9_071818_gre_raw_c_2_T17_1,gre,raw,c,071818,2
412.0,4.0010554801285805,17.1,AC9_071818_gre_raw_c_3_T17_1,gre,raw,c,071818,3
440.0,3.2354130847457623,17.1,AC9_071818_gre_raw_c_3_T17_1,gre,raw,c,071818,3
488.0,2.4548735444184704,17.1,AC9_071818_gre_raw_c_3_T17_1,gre,raw,c,071818,3
510.0,2.231521673290476,17.1,AC9_071818_gre_raw_c_3_T17_1,gre,raw,c,071818,3
532.0,2.014281110461716,17.1,AC9_071818_gre_raw_c_3_T17_1,gre,raw,c,071818,3
555.0,1.864957092051432,17.1,AC9_071818_gre_raw_c_3_T17_1,gre,raw,c,071818,3
650.0,1.4107201212741078,17.1,AC9_071818_gre_raw_c_3_T17_1,gre,raw,c,071818,3
676.0,1.3560395432495622,17.1,AC9_071818_gre_raw_c_3_T17_1,gre,raw,c,071818,3
715.0,1.2417330981881942,17.1,AC9_071818_gre_raw_c_3_T17_1,gre,raw,c,071818,3
412.0,8.542879602317695,19.8,AC9_071918_cbr_fil_a_1_T19_8,cbr,fil,a,071918,1
440.0,5.03065981586847,19.8,AC9_071918_cbr_fil_a_1_T19_8,cbr,fil,a,071918,1
488.0,2.2104947629287803,19.8,AC9_071918_cbr_fil_a_1_T19_8,cbr,fil,a,071918,1
510.0,1.6234898095963457,19.8,AC9_071918_cbr_fil_a_1_T19_8,cbr,fil,a,071918,1
532.0,1.1888090789689825,19.8,AC9_071918_cbr_fil_a_1_T19_8,cbr,fil,a,071918,1
555.0,0.8836672323521947,19.8,AC9_071918_cbr_fil_a_1_T19_8,cbr,fil,a,071918,1
650.0,0.2538118358645818,19.8,AC9_071918_cbr_fil_a_1_T19_8,cbr,fil,a,071918,1
676.0,0.1820563712049936,19.8,AC9_071918_cbr_fil_a_1_T19_8,cbr,fil,a,071918,1
715.0,0.11293002030972335,19.8,AC9_071918_cbr_fil_a_1_T19_8,cbr,fil,a,071918,1
412.0,8.6649114372784,19.8,AC9_071918_cbr_fil_a_2_T19_8,cbr,fil,a,071918,2
440.0,5.323005025442171,19.8,AC9_071918_cbr_fil_a_2_T19_8,cbr,fil,a,071918,2
488.0,2.4911079184419984,19.8,AC9_071918_cbr_fil_a_2_T19_8,cbr,fil,a,071918,2
510.0,1.9728218874720287,19.8,AC9_071918_cbr_fil_a_2_T19_8,cbr,fil,a,071918,2
532.0,1.5401634407217826,19.8,AC9_071918_cbr_fil_a_2_T19_8,cbr,fil,a,071918,2
555.0,1.3047301711471466,19.8,AC9_071918_cbr_fil_a_2_T19_8,cbr,fil,a,071918,2
650.0,0.4856516429615095,19.8,AC9_071918_cbr_fil_a_2_T19_8,cbr,fil,a,071918,2
676.0,0.8815783383400259,19.8,AC9_071918_cbr_fil_a_2_T19_8,cbr,fil,a,071918,2
715.0,0.3689130638915283,19.8,AC9_071918_cbr_fil_a_2_T19_8,cbr,fil,a,071918,2
412.0,8.509497448653345,19.2,AC9_071918_cbr_fil_a_3_T19_2,cbr,fil,a,071918,3
440.0,5.013950518033943,19.2,AC9_071918_cbr_fil_a_3_T19_2,cbr,fil,a,071918,3
488.0,2.203676485516855,19.2,AC9_071918_cbr_fil_a_3_T19_2,cbr,fil,a,071918,3
510.0,1.6200053933875531,19.2,AC9_071918_cbr_fil_a_3_T19_2,cbr,fil,a,071918,3
532.0,1.1858321703353367,19.2,AC9_071918_cbr_fil_a_3_T19_2,cbr,fil,a,071918,3
555.0,0.8814938577764023,19.2,AC9_071918_cbr_fil_a_3_T19_2,cbr,fil,a,071918,3
650.0,0.254045806149811,19.2,AC9_071918_cbr_fil_a_3_T19_2,cbr,fil,a,071918,3
676.0,0.1827303516914192,19.2,AC9_071918_cbr_fil_a_3_T19_2,cbr,fil,a,071918,3
715.0,0.11724212024104208,19.2,AC9_071918_cbr_fil_a_3_T19_2,cbr,fil,a,071918,3
412.0,8.682618238515222,19.8,AC9_071918_cbr_fil_c_1_T19_8,cbr,fil,c,071918,1
440.0,5.115312383388295,19.8,AC9_071918_cbr_fil_c_1_T19_8,cbr,fil,c,071918,1
488.0,2.2711148173939715,19.8,AC9_071918_cbr_fil_c_1_T19_8,cbr,fil,c,071918,1
510.0,1.6824783337679274,19.8,AC9_071918_cbr_fil_c_1_T19_8,cbr,fil,c,071918,1
532.0,1.2475134800981669,19.8,AC9_071918_cbr_fil_c_1_T19_8,cbr,fil,c,071918,1
555.0,0.9453403985735104,19.8,AC9_071918_cbr_fil_c_1_T19_8,cbr,fil,c,071918,1
650.0,0.30971478510621986,19.8,AC9_071918_cbr_fil_c_1_T19_8,cbr,fil,c,071918,1
676.0,0.2391229349643379,19.8,AC9_071918_cbr_fil_c_1_T19_8,cbr,fil,c,071918,1
715.0,0.16957328698519838,19.8,AC9_071918_cbr_fil_c_1_T19_8,cbr,fil,c,071918,1
412.0,8.697420511675483,19.8,AC9_071918_cbr_fil_c_2_T19_8,cbr,fil,c,071918,2
440.0,5.1291619856745525,19.8,AC9_071918_cbr_fil_c_2_T19_8,cbr,fil,c,071918,2
488.0,2.2859890088681323,19.8,AC9_071918_cbr_fil_c_2_T19_8,cbr,fil,c,071918,2
510.0,1.6967719274807147,19.8,AC9_071918_cbr_fil_c_2_T19_8,cbr,fil,c,071918,2
532.0,1.2610808687621342,19.8,AC9_071918_cbr_fil_c_2_T19_8,cbr,fil,c,071918,2
555.0,0.9610181873327374,19.8,AC9_071918_cbr_fil_c_2_T19_8,cbr,fil,c,071918,2
650.0,0.3240674119221285,19.8,AC9_071918_cbr_fil_c_2_T19_8,cbr,fil,c,071918,2
676.0,0.25266793734585724,19.8,AC9_071918_cbr_fil_c_2_T19_8,cbr,fil,c,071918,2
715.0,0.18322199858319807,19.8,AC9_071918_cbr_fil_c_2_T19_8,cbr,fil,c,071918,2
412.0,8.680385947185234,19.2,AC9_071918_cbr_fil_c_3_T19_2,cbr,fil,c,071918,3
440.0,5.11712395528147,19.2,AC9_071918_cbr_fil_c_3_T19_2,cbr,fil,c,071918,3
488.0,2.2777394148002417,19.2,AC9_071918_cbr_fil_c_3_T19_2,cbr,fil,c,071918,3
510.0,1.6911239536168283,19.2,AC9_071918_cbr_fil_c_3_T19_2,cbr,fil,c,071918,3
532.0,1.2545200887560526,19.2,AC9_071918_cbr_fil_c_3_T19_2,cbr,fil,c,071918,3
555.0,0.9558371922669504,19.2,AC9_071918_cbr_fil_c_3_T19_2,cbr,fil,c,071918,3
650.0,0.3204101669945522,19.2,AC9_071918_cbr_fil_c_3_T19_2,cbr,fil,c,071918,3
676.0,0.25011488884685223,19.2,AC9_071918_cbr_fil_c_3_T19_2,cbr,fil,c,071918,3
715.0,0.18365941669188865,19.2,AC9_071918_cbr_fil_c_3_T19_2,cbr,fil,c,071918,3
412.0,9.109351871737832,16.1,AC9_071918_cbr_raw_a_2_T16_1,cbr,raw,a,071918,2
440.0,5.504976818380077,16.1,AC9_071918_cbr_raw_a_2_T16_1,cbr,raw,a,071918,2
488.0,2.5479122154374023,16.1,AC9_071918_cbr_raw_a_2_T16_1,cbr,raw,a,071918,2
510.0,1.9205473494133565,16.1,AC9_071918_cbr_raw_a_2_T16_1,cbr,raw,a,071918,2
532.0,1.4387532636920073,16.1,AC9_071918_cbr_raw_a_2_T16_1,cbr,raw,a,071918,2
555.0,1.1085677530131863,16.1,AC9_071918_cbr_raw_a_2_T16_1,cbr,raw,a,071918,2
650.0,0.4291922045332286,16.1,AC9_071918_cbr_raw_a_2_T16_1,cbr,raw,a,071918,2
676.0,0.37569268511652903,16.1,AC9_071918_cbr_raw_a_2_T16_1,cbr,raw,a,071918,2
715.0,0.26594141136360344,16.1,AC9_071918_cbr_raw_a_2_T16_1,cbr,raw,a,071918,2
412.0,9.267472412046203,16.1,AC9_071918_cbr_raw_a_3_T16_1,cbr,raw,a,071918,3
440.0,5.589922985891083,16.1,AC9_071918_cbr_raw_a_3_T16_1,cbr,raw,a,071918,3
488.0,2.5734338828382834,16.1,AC9_071918_cbr_raw_a_3_T16_1,cbr,raw,a,071918,3
510.0,1.9311124076732653,16.1,AC9_071918_cbr_raw_a_3_T16_1,cbr,raw,a,071918,3
532.0,1.4434429676567655,16.1,AC9_071918_cbr_raw_a_3_T16_1,cbr,raw,a,071918,3
555.0,1.1071656640264025,16.1,AC9_071918_cbr_raw_a_3_T16_1,cbr,raw,a,071918,3
650.0,0.413891833828383,16.1,AC9_071918_cbr_raw_a_3_T16_1,cbr,raw,a,071918,3
676.0,0.3570241141914192,16.1,AC9_071918_cbr_raw_a_3_T16_1,cbr,raw,a,071918,3
715.0,0.2480502818481849,16.1,AC9_071918_cbr_raw_a_3_T16_1,cbr,raw,a,071918,3
412.0,9.819021314064148,16.1,AC9_071918_cbr_raw_a_4_T16_1,cbr,raw,a,071918,4
440.0,5.922459998335038,16.1,AC9_071918_cbr_raw_a_4_T16_1,cbr,raw,a,071918,4
488.0,2.7214607819414227,16.1,AC9_071918_cbr_raw_a_4_T16_1,cbr,raw,a,071918,4
510.0,2.0416928425387417,16.1,AC9_071918_cbr_raw_a_4_T16_1,cbr,raw,a,071918,4
532.0,1.5245087201231329,16.1,AC9_071918_cbr_raw_a_4_T16_1,cbr,raw,a,071918,4
555.0,1.1676078985555511,16.1,AC9_071918_cbr_raw_a_4_T16_1,cbr,raw,a,071918,4
650.0,0.4257614004203108,16.1,AC9_071918_cbr_raw_a_4_T16_1,cbr,raw,a,071918,4
676.0,0.3608741451331233,16.1,AC9_071918_cbr_raw_a_4_T16_1,cbr,raw,a,071918,4
715.0,0.2508572935073775,16.1,AC9_071918_cbr_raw_a_4_T16_1,cbr,raw,a,071918,4
412.0,10.048278892630478,16.1,AC9_071918_cbr_raw_c_2_T16_1,cbr,raw,c,071918,2
440.0,6.319749384305233,16.1,AC9_071918_cbr_raw_c_2_T16_1,cbr,raw,c,071918,2
488.0,3.2739855206451143,16.1,AC9_071918_cbr_raw_c_2_T16_1,cbr,raw,c,071918,2
510.0,2.607048433734043,16.1,AC9_071918_cbr_raw_c_2_T16_1,cbr,raw,c,071918,2
532.0,2.0996917870529384,16.1,AC9_071918_cbr_raw_c_2_T16_1,cbr,raw,c,071918,2
555.0,1.7419753702680485,16.1,AC9_071918_cbr_raw_c_2_T16_1,cbr,raw,c,071918,2
650.0,0.9375629176435458,16.1,AC9_071918_cbr_raw_c_2_T16_1,cbr,raw,c,071918,2
676.0,0.8389844122302692,16.1,AC9_071918_cbr_raw_c_2_T16_1,cbr,raw,c,071918,2
715.0,0.7385623006794596,16.1,AC9_071918_cbr_raw_c_2_T16_1,cbr,raw,c,071918,2
412.0,10.153472602542367,16.1,AC9_071918_cbr_raw_c_3_T16_1,cbr,raw,c,071918,3
440.0,6.35000398474576,16.1,AC9_071918_cbr_raw_c_3_T16_1,cbr,raw,c,071918,3
488.0,3.246749773728811,16.1,AC9_071918_cbr_raw_c_3_T16_1,cbr,raw,c,071918,3
510.0,2.5723654241525407,16.1,AC9_071918_cbr_raw_c_3_T16_1,cbr,raw,c,071918,3
532.0,2.056036768220339,16.1,AC9_071918_cbr_raw_c_3_T16_1,cbr,raw,c,071918,3
555.0,1.6931759610169508,16.1,AC9_071918_cbr_raw_c_3_T16_1,cbr,raw,c,071918,3
650.0,0.8858894161016944,16.1,AC9_071918_cbr_raw_c_3_T16_1,cbr,raw,c,071918,3
676.0,0.7836881165254235,16.1,AC9_071918_cbr_raw_c_3_T16_1,cbr,raw,c,071918,3
715.0,0.6851601550847456,16.1,AC9_071918_cbr_raw_c_3_T16_1,cbr,raw,c,071918,3
412.0,10.645058105457167,16.1,AC9_071918_cbr_raw_c_4_T16_1,cbr,raw,c,071918,4
440.0,6.62971684035115,16.1,AC9_071918_cbr_raw_c_4_T16_1,cbr,raw,c,071918,4
488.0,3.341454910275896,16.1,AC9_071918_cbr_raw_c_4_T16_1,cbr,raw,c,071918,4
510.0,2.6293711554305657,16.1,AC9_071918_cbr_raw_c_4_T16_1,cbr,raw,c,071918,4
532.0,2.08956441160599,16.1,AC9_071918_cbr_raw_c_4_T16_1,cbr,raw,c,071918,4
555.0,1.7052661251425092,16.1,AC9_071918_cbr_raw_c_4_T16_1,cbr,raw,c,071918,4
650.0,0.8580227239492277,16.1,AC9_071918_cbr_raw_c_4_T16_1,cbr,raw,c,071918,4
676.0,0.7531951552025534,16.1,AC9_071918_cbr_raw_c_4_T16_1,cbr,raw,c,071918,4
715.0,0.6515292490309335,16.1,AC9_071918_cbr_raw_c_4_T16_1,cbr,raw,c,071918,4
412.0,6.2680616584344655,18.3,AC9_071918_y17_fil_a_1_T18_3,y17,fil,a,071918,1
440.0,4.232571484254522,18.3,AC9_071918_y17_fil_a_1_T18_3,y17,fil,a,071918,1
488.0,2.35101427448614,18.3,AC9_071918_y17_fil_a_1_T18_3,y17,fil,a,071918,1
510.0,1.9792765746597245,18.3,AC9_071918_y17_fil_a_1_T18_3,y17,fil,a,071918,1
532.0,1.6420152584016867,18.3,AC9_071918_y17_fil_a_1_T18_3,y17,fil,a,071918,1
555.0,1.4577396545455903,18.3,AC9_071918_y17_fil_a_1_T18_3,y17,fil,a,071918,1
650.0,0.9056105637380898,18.3,AC9_071918_y17_fil_a_1_T18_3,y17,fil,a,071918,1
676.0,1.3259858871033832,18.3,AC9_071918_y17_fil_a_1_T18_3,y17,fil,a,071918,1
715.0,0.7184482786879136,18.3,AC9_071918_y17_fil_a_1_T18_3,y17,fil,a,071918,1
412.0,6.630355084190318,18.0,AC9_071918_y17_fil_a_2_T18_0,y17,fil,a,071918,2
440.0,4.54478182829004,18.0,AC9_071918_y17_fil_a_2_T18_0,y17,fil,a,071918,2
488.0,2.5788391385500566,18.0,AC9_071918_y17_fil_a_2_T18_0,y17,fil,a,071918,2
510.0,2.1942592107049044,18.0,AC9_071918_y17_fil_a_2_T18_0,y17,fil,a,071918,2
532.0,1.817438992964321,18.0,AC9_071918_y17_fil_a_2_T18_0,y17,fil,a,071918,2
555.0,1.6626769072601453,18.0,AC9_071918_y17_fil_a_2_T18_0,y17,fil,a,071918,2
650.0,1.0659233453398071,18.0,AC9_071918_y17_fil_a_2_T18_0,y17,fil,a,071918,2
676.0,1.5038375029436175,18.0,AC9_071918_y17_fil_a_2_T18_0,y17,fil,a,071918,2
715.0,0.8649157665582026,18.0,AC9_071918_y17_fil_a_2_T18_0,y17,fil,a,071918,2
412.0,6.455385178599499,17.9,AC9_071918_y17_fil_a_3_T17_9,y17,fil,a,071918,3
440.0,4.261320067353675,17.9,AC9_071918_y17_fil_a_3_T17_9,y17,fil,a,071918,3
488.0,2.319987339754384,17.9,AC9_071918_y17_fil_a_3_T17_9,y17,fil,a,071918,3
510.0,1.8910139889090956,17.9,AC9_071918_y17_fil_a_3_T17_9,y17,fil,a,071918,3
532.0,1.5361298102871508,17.9,AC9_071918_y17_fil_a_3_T17_9,y17,fil,a,071918,3
555.0,1.299911964706675,17.9,AC9_071918_y17_fil_a_3_T17_9,y17,fil,a,071918,3
650.0,0.8635103699961832,17.9,AC9_071918_y17_fil_a_3_T17_9,y17,fil,a,071918,3
676.0,1.0640401681596718,17.9,AC9_071918_y17_fil_a_3_T17_9,y17,fil,a,071918,3
715.0,0.6421544909184795,17.9,AC9_071918_y17_fil_a_3_T17_9,y17,fil,a,071918,3
412.0,9.100545504686838,18.3,AC9_071918_y17_fil_c_1_T18_3,y17,fil,c,071918,1
440.0,6.687049992194978,18.3,AC9_071918_y17_fil_c_1_T18_3,y17,fil,c,071918,1
488.0,4.530913929372155,18.3,AC9_071918_y17_fil_c_1_T18_3,y17,fil,c,071918,1
510.0,4.018090962696556,18.3,AC9_071918_y17_fil_c_1_T18_3,y17,fil,c,071918,1
532.0,3.5909899589088266,18.3,AC9_071918_y17_fil_c_1_T18_3,y17,fil,c,071918,1
555.0,3.2616892185790287,18.3,AC9_071918_y17_fil_c_1_T18_3,y17,fil,c,071918,1
650.0,2.455187212151356,18.3,AC9_071918_y17_fil_c_1_T18_3,y17,fil,c,071918,1
676.0,2.3756944305773398,18.3,AC9_071918_y17_fil_c_1_T18_3,y17,fil,c,071918,1
715.0,2.1177706143398267,18.3,AC9_071918_y17_fil_c_1_T18_3,y17,fil,c,071918,1
412.0,9.165479876619713,18.0,AC9_071918_y17_fil_c_2_T18_0,y17,fil,c,071918,2
440.0,6.745872030264218,18.0,AC9_071918_y17_fil_c_2_T18_0,y17,fil,c,071918,2
488.0,4.590528189985405,18.0,AC9_071918_y17_fil_c_2_T18_0,y17,fil,c,071918,2
510.0,4.0772339333353145,18.0,AC9_071918_y17_fil_c_2_T18_0,y17,fil,c,071918,2
532.0,3.6455474245032913,18.0,AC9_071918_y17_fil_c_2_T18_0,y17,fil,c,071918,2
555.0,3.3171226346549094,18.0,AC9_071918_y17_fil_c_2_T18_0,y17,fil,c,071918,2
650.0,2.5146876813916776,18.0,AC9_071918_y17_fil_c_2_T18_0,y17,fil,c,071918,2
676.0,2.420611976586934,18.0,AC9_071918_y17_fil_c_2_T18_0,y17,fil,c,071918,2
715.0,2.176879735664711,18.0,AC9_071918_y17_fil_c_2_T18_0,y17,fil,c,071918,2
412.0,9.104651551635348,17.9,AC9_071918_y17_fil_c_3_T17_9,y17,fil,c,071918,3
440.0,6.6952719056074415,17.9,AC9_071918_y17_fil_c_3_T17_9,y17,fil,c,071918,3
488.0,4.569907546177791,17.9,AC9_071918_y17_fil_c_3_T17_9,y17,fil,c,071918,3
510.0,4.057853629424653,17.9,AC9_071918_y17_fil_c_3_T17_9,y17,fil,c,071918,3
532.0,3.631344590952765,17.9,AC9_071918_y17_fil_c_3_T17_9,y17,fil,c,071918,3
555.0,3.3054277743956337,17.9,AC9_071918_y17_fil_c_3_T17_9,y17,fil,c,071918,3
650.0,2.528851440024599,17.9,AC9_071918_y17_fil_c_3_T17_9,y17,fil,c,071918,3
676.0,2.4175616366501402,17.9,AC9_071918_y17_fil_c_3_T17_9,y17,fil,c,071918,3
715.0,2.1953563799146765,17.9,AC9_071918_y17_fil_c_3_T17_9,y17,fil,c,071918,3
412.0,4.025125714571462,17.7,AC9_071918_y20_fil_a_1_T17_7,y20,fil,a,071918,1
440.0,2.3733955523052312,17.7,AC9_071918_y20_fil_a_1_T17_7,y20,fil,a,071918,1
488.0,1.1041021202120211,17.7,AC9_071918_y20_fil_a_1_T17_7,y20,fil,a,071918,1
510.0,0.8322006468146821,17.7,AC9_071918_y20_fil_a_1_T17_7,y20,fil,a,071918,1
532.0,0.6261254565456544,17.7,AC9_071918_y20_fil_a_1_T17_7,y20,fil,a,071918,1
555.0,0.48248478422842295,17.7,AC9_071918_y20_fil_a_1_T17_7,y20,fil,a,071918,1
650.0,0.15754570807080676,17.7,AC9_071918_y20_fil_a_1_T17_7,y20,fil,a,071918,1
676.0,0.27994385863586363,17.7,AC9_071918_y20_fil_a_1_T17_7,y20,fil,a,071918,1
715.0,0.08803492124212413,17.7,AC9_071918_y20_fil_a_1_T17_7,y20,fil,a,071918,1
412.0,3.9971058744173376,17.8,AC9_071918_y20_fil_a_2_T17_8,y20,fil,a,071918,2
440.0,2.35746514800449,17.8,AC9_071918_y20_fil_a_2_T17_8,y20,fil,a,071918,2
488.0,1.0969426783709286,17.8,AC9_071918_y20_fil_a_2_T17_8,y20,fil,a,071918,2
510.0,0.8243211656629582,17.8,AC9_071918_y20_fil_a_2_T17_8,y20,fil,a,071918,2
532.0,0.6146783030519545,17.8,AC9_071918_y20_fil_a_2_T17_8,y20,fil,a,071918,2
555.0,0.467969920383792,17.8,AC9_071918_y20_fil_a_2_T17_8,y20,fil,a,071918,2
650.0,0.15382103296927635,17.8,AC9_071918_y20_fil_a_2_T17_8,y20,fil,a,071918,2
676.0,0.11327309975842932,17.8,AC9_071918_y20_fil_a_2_T17_8,y20,fil,a,071918,2
715.0,0.0822243237725834,17.8,AC9_071918_y20_fil_a_2_T17_8,y20,fil,a,071918,2
412.0,3.9645320220462046,17.6,AC9_071918_y20_fil_a_3_T17_6,y20,fil,a,071918,3
440.0,2.3392847308910887,17.6,AC9_071918_y20_fil_a_3_T17_6,y20,fil,a,071918,3
488.0,1.0935365228382832,17.6,AC9_071918_y20_fil_a_3_T17_6,y20,fil,a,071918,3
510.0,0.8246813126732678,17.6,AC9_071918_y20_fil_a_3_T17_6,y20,fil,a,071918,3
532.0,0.6173874076567651,17.6,AC9_071918_y20_fil_a_3_T17_6,y20,fil,a,071918,3
555.0,0.4722116040264029,17.6,AC9_071918_y20_fil_a_3_T17_6,y20,fil,a,071918,3
650.0,0.1606330838283826,17.6,AC9_071918_y20_fil_a_3_T17_6,y20,fil,a,071918,3
676.0,0.12001707419141915,17.6,AC9_071918_y20_fil_a_3_T17_6,y20,fil,a,071918,3
715.0,0.08912524184818482,17.6,AC9_071918_y20_fil_a_3_T17_6,y20,fil,a,071918,3
412.0,4.0004986857304194,17.5,AC9_071918_y20_fil_a_4_T17_5,y20,fil,a,071918,4
440.0,2.3670816959788064,17.5,AC9_071918_y20_fil_a_4_T17_5,y20,fil,a,071918,4
488.0,1.111751124066353,17.5,AC9_071918_y20_fil_a_4_T17_5,y20,fil,a,071918,4
510.0,0.8408470616206354,17.5,AC9_071918_y20_fil_a_4_T17_5,y20,fil,a,071918,4
532.0,0.6322297474813268,17.5,AC9_071918_y20_fil_a_4_T17_5,y20,fil,a,071918,4
555.0,0.485828641219385,17.5,AC9_071918_y20_fil_a_4_T17_5,y20,fil,a,071918,4
650.0,0.1703913540038214,17.5,AC9_071918_y20_fil_a_4_T17_5,y20,fil,a,071918,4
676.0,0.12955327384054174,17.5,AC9_071918_y20_fil_a_4_T17_5,y20,fil,a,071918,4
715.0,0.09833413974292178,17.5,AC9_071918_y20_fil_a_4_T17_5,y20,fil,a,071918,4
412.0,4.304987985875705,17.7,AC9_071918_y20_fil_c_1_T17_7,y20,fil,c,071918,1
440.0,2.6046865443417246,17.7,AC9_071918_y20_fil_c_1_T17_7,y20,fil,c,071918,1
488.0,1.2917795297894197,17.7,AC9_071918_y20_fil_c_1_T17_7,y20,fil,c,071918,1
510.0,1.0049491865262778,17.7,AC9_071918_y20_fil_c_1_T17_7,y20,fil,c,071918,1
532.0,0.7836619518061976,17.7,AC9_071918_y20_fil_c_1_T17_7,y20,fil,c,071918,1
555.0,0.632820211522,17.7,AC9_071918_y20_fil_c_1_T17_7,y20,fil,c,071918,1
650.0,0.2872349408491699,17.7,AC9_071918_y20_fil_c_1_T17_7,y20,fil,c,071918,1
676.0,0.2384349612223932,17.7,AC9_071918_y20_fil_c_1_T17_7,y20,fil,c,071918,1
715.0,0.201925113165554,17.7,AC9_071918_y20_fil_c_1_T17_7,y20,fil,c,071918,1
412.0,4.451795073504576,17.8,AC9_071918_y20_fil_c_2_T17_8,y20,fil,c,071918,2
440.0,2.7268146139553844,17.8,AC9_071918_y20_fil_c_2_T17_8,y20,fil,c,071918,2
488.0,1.3919990354126632,17.8,AC9_071918_y20_fil_c_2_T17_8,y20,fil,c,071918,2
510.0,1.0999871244102737,17.8,AC9_071918_y20_fil_c_2_T17_8,y20,fil,c,071918,2
532.0,0.8741457753509221,17.8,AC9_071918_y20_fil_c_2_T17_8,y20,fil,c,071918,2
555.0,0.7197554788863658,17.8,AC9_071918_y20_fil_c_2_T17_8,y20,fil,c,071918,2
650.0,0.35921994891956416,17.8,AC9_071918_y20_fil_c_2_T17_8,y20,fil,c,071918,2
676.0,0.3090629142058362,17.8,AC9_071918_y20_fil_c_2_T17_8,y20,fil,c,071918,2
715.0,0.26922415044557085,17.8,AC9_071918_y20_fil_c_2_T17_8,y20,fil,c,071918,2
412.0,4.4630105525423724,17.6,AC9_071918_y20_fil_c_3_T17_6,y20,fil,c,071918,3
440.0,2.752862944745761,17.6,AC9_071918_y20_fil_c_3_T17_6,y20,fil,c,071918,3
488.0,1.4264717637288151,17.6,AC9_071918_y20_fil_c_3_T17_6,y20,fil,c,071918,3
510.0,1.1356125891525413,17.6,AC9_071918_y20_fil_c_3_T17_6,y20,fil,c,071918,3
532.0,0.9085894932203382,17.6,AC9_071918_y20_fil_c_3_T17_6,y20,fil,c,071918,3
555.0,0.7559012210169493,17.6,AC9_071918_y20_fil_c_3_T17_6,y20,fil,c,071918,3
650.0,0.3922420661016948,17.6,AC9_071918_y20_fil_c_3_T17_6,y20,fil,c,071918,3
676.0,0.34283823152542364,17.6,AC9_071918_y20_fil_c_3_T17_6,y20,fil,c,071918,3
715.0,0.30038000508474555,17.6,AC9_071918_y20_fil_c_3_T17_6,y20,fil,c,071918,3
412.0,4.55687265692834,17.5,AC9_071918_y20_fil_c_4_T17_5,y20,fil,c,071918,4
440.0,2.8298586329913755,17.5,AC9_071918_y20_fil_c_4_T17_5,y20,fil,c,071918,4
488.0,1.4894624763603916,17.5,AC9_071918_y20_fil_c_4_T17_5,y20,fil,c,071918,4
510.0,1.1943747693279807,17.5,AC9_071918_y20_fil_c_4_T17_5,y20,fil,c,071918,4
532.0,0.9643993388343736,17.5,AC9_071918_y20_fil_c_4_T17_5,y20,fil,c,071918,4
555.0,0.8078427048765989,17.5,AC9_071918_y20_fil_c_4_T17_5,y20,fil,c,071918,4
650.0,0.4408976415402913,17.5,AC9_071918_y20_fil_c_4_T17_5,y20,fil,c,071918,4
676.0,0.3869942853850726,17.5,AC9_071918_y20_fil_c_4_T17_5,y20,fil,c,071918,4
715.0,0.34551603754088595,17.5,AC9_071918_y20_fil_c_4_T17_5,y20,fil,c,071918,4
